Province_State,Country_Region,Last_Update,Lat,Long,Confirmed,Deaths,Recovered,Active,FIPS,Incident_Rate,Total_Test_Results,People_Hospitalized,Case_Fatality_Ratio,UID,ISO3,Testing_Rate,Hospitalization_Rate
Oregon,US,4/12/2020,44.572,-122.0709,1527,52,,,41,36.20424887,29758,359,3.405370007,84000041,USA,742.6366471,23.51015062
Oregon,US,4/13/2020,44.572,-122.0709,1584,53,,,41,37.55568448,31121,369,3.345959596,84000041,USA,776.6514918,23.29545455
Oregon,US,4/14/2020,44.572,-122.0709,1633,55,,,41,38.71744492,32363,381,3.368034293,84000041,USA,807.6466769,23.3312921
Oregon,US,4/15/2020,44.572,-122.0709,1663,58,,,41,39.42872683,33351,401,3.48767288,84000041,USA,832.303072,24.11304871
Oregon,US,4/16/2020,44.572,-122.0709,1736,64,,,41,41.15951279,34938,414,3.686635945,84000041,USA,871.9080306,23.84792627
Oregon,US,4/17/2020,44.572,-122.0709,1785,70,,,41,42.32127323,36321,427,3.921568627,84000041,USA,906.4219927,23.92156863
Oregon,US,4/18/2020,44.572,-122.0709,1844,72,,,41,43.72012764,37583,449,3.904555315,84000041,USA,937.916295,24.34924078
Oregon,US,4/19/2020,44.572,-122.0709,1910,74,,,41,45.28494783,39038,456,3.87434555,84000041,USA,974.2270794,23.87434555
Oregon,US,4/20/2020,44.572,-122.0709,1957,75,,,41,46.39928948,40045,465,3.832396525,84000041,USA,999.357636,23.76085846
Oregon,US,4/21/2020,44.572,-122.0709,2004,78,,,41,47.51363112,41128,471,3.892215569,84000041,USA,1026.384838,23.50299401
Oregon,US,4/22/2020,44.572,-122.0709,2059,78,,,41,48.81764795,41185,488,3.788246722,84000041,USA,1027.807323,23.70082564
Oregon,US,4/24/2020,44.572,-122.0709,2127,83,,,41,50.42988693,43976,512,3.902209685,84000041,USA,1097.459144,24.07146215
Oregon,US,4/25/2020,44.572,-122.0709,2177,86,,,41,51.61535677,45492,520,3.950390446,84000041,USA,1135.292236,23.88608176
Oregon,US,4/26/2020,44.572,-122.0709,2253,87,,,41,53.41727092,47377,536,3.861517976,84000041,USA,1182.334042,23.79050155
Oregon,US,4/27/2020,44.572,-122.0709,2311,92,,,41,54.79241593,48964,546,3.980960623,84000041,USA,1221.939001,23.62613587
Oregon,US,4/28/2020,44.572,-122.0709,2354,92,,,41,55.81191999,51198,554,3.908241291,84000041,USA,1277.690405,23.53440952
Oregon,US,4/29/2020,44.572,-122.0709,2385,99,,,41,56.54691129,51198,554,4.150943396,84000041,USA,1277.690405,23.22851153
Oregon,US,4/30/2020,44.572,-122.0709,2446,101,,,41,57.9931845,54472,569,4.129190515,84000041,USA,1359.395908,23.26246934
Oregon,US,5/1/2020,44.572,-122.0709,2510,103,0,2407,41,59.51058589,56032,578,4.103585657,84000041,USA,1398.327059,23.02788845
Oregon,US,5/2/2020,44.572,-122.0709,2579,104,0,2475,41,61.14653427,58176,591,4.032570764,84000041,USA,1451.832434,22.91585886
Oregon,US,5/3/2020,44.572,-122.0709,2635,109,0,2526,41,62.47426049,60136,595,4.136622391,84000041,USA,1500.745931,22.58064516
Oregon,US,5/4/2020,44.572,-122.0709,2680,109,860,1711,41,63.54118334,62054,598,4.067164179,84000041,USA,1548.611281,22.31343284
Oregon,US,5/5/2020,44.572,-122.0709,2759,109,860,1790,41,65.41422569,63457,608,3.950706778,84000041,USA,1583.62436,22.03696992
Oregon,US,5/6/2020,44.572,-122.0709,2839,113,860,1866,41,67.31097743,65424,622,3.980274745,84000041,USA,1632.712548,21.90912293
Oregon,US,5/7/2020,44.572,-122.0709,2916,115,1125,1676,41,69.13660098,67976,641,3.943758573,84000041,USA,1696.399917,21.98216735
Oregon,US,5/8/2020,44.572,-122.0709,2989,121,1125,1743,41,70.86738694,70458,645,4.048176648,84000041,USA,1758.340375,21.57912345
Oregon,US,5/9/2020,44.572,-122.0709,3068,124,1125,1819,41,72.74042929,72693,659,4.041720991,84000041,USA,1814.116735,21.4797914
Oregon,US,5/10/2020,44.572,-122.0709,3160,127,1125,1908,41,74.92169379,74620,662,4.018987342,84000041,USA,1862.206687,20.94936709
Oregon,US,5/11/2020,44.572,-122.0709,3228,127,1125,1976,41,76.53393277,75507,670,3.934324659,84000041,USA,1884.34254,20.755886
Oregon,US,5/12/2020,44.572,-122.0709,3286,130,1125,2031,41,77.90907778,77606,673,3.956177724,84000041,USA,1936.724902,20.48082775
Oregon,US,5/13/2020,44.572,-122.0709,3358,130,1125,2103,41,79.61615435,77606,673,3.871351995,84000041,USA,1936.724902,20.04169148
Oregon,US,5/14/2020,44.572,-122.0709,3416,134,1406,1876,41,80.99129936,83987,678,3.922716628,84000041,USA,2095.96828,19.84777518
Oregon,US,5/15/2020,44.572,-122.0709,3479,137,1406,1936,41,82.48499136,84050,685,3.937913193,84000041,USA,1992.774798,19.68956597
Oregon,US,5/16/2020,44.572,-122.0709,3541,137,1406,1998,41,83.95497396,89506,691,3.86896357,84000041,USA,2122.133267,19.51426151
Oregon,US,5/17/2020,44.572,-122.0709,3612,137,1406,2069,41,85.63834113,92199,699,3.792912514,84000041,USA,2185.982673,19.35215947
Oregon,US,5/18/2020,44.572,-122.0709,3623,137,1406,2080,41,85.89914449,94356,703,3.781396633,84000041,USA,2237.123842,19.403809
Oregon,US,5/19/2020,44.572,-122.0709,3687,138,1406,2143,41,87.41654589,97315,708,3.742880391,84000041,USA,2307.279947,19.20260374
Oregon,US,5/20/2020,44.572,-122.0709,3726,140,1406,2180,41,88.34121236,99720,714,3.757380569,84000041,USA,2364.301046,19.1626409
Oregon,US,5/21/2020,44.572,-122.0709,3801,144,1406,2251,41,90.11941712,102149,723,3.788476717,84000041,USA,2421.891171,19.02131018
Oregon,US,5/22/2020,44.572,-122.0709,3817,145,1406,2266,41,90.49876747,105224,732,3.798794865,84000041,USA,2494.797566,19.17736442
Oregon,US,5/23/2020,44.572,-122.0709,3864,147,1376,2341,41,91.61310912,107839,737,3.804347826,84000041,USA,2556.797638,19.07349896
Oregon,US,5/24/2020,44.572,-122.0709,3888,147,1376,2365,41,92.18213464,110207,740,3.780864198,84000041,USA,2612.94149,19.03292181
Oregon,US,5/25/2020,44.572,-122.0709,3927,148,1376,2403,41,93.10680111,112195,742,3.768780239,84000041,USA,2660.07577,18.89483066
Oregon,US,5/26/2020,44.572,-122.0709,3949,148,1376,2425,41,93.62840784,113858,747,3.747784249,84000041,USA,2699.504497,18.91618131
Oregon,US,5/27/2020,44.572,-122.0709,3967,148,1795,2024,41,94.05517698,115538,752,3.730778926,84000041,USA,2739.336284,18.95639022
Oregon,US,5/28/2020,44.572,-122.0709,4038,148,1795,2095,41,95.73854415,116992,759,3.665180783,84000041,USA,2773.809747,18.79643388
Oregon,US,5/29/2020,44.572,-122.0709,4086,151,1981,1954,41,96.8765952,119647,768,3.695545766,84000041,USA,2836.758195,18.7958884
Oregon,US,5/30/2020,44.572,-122.0709,4131,151,1981,1999,41,97.94351805,122681,771,3.655289276,84000041,USA,2908.692505,18.6637618
Oregon,US,5/31/2020,44.572,-122.0709,4185,153,2137,1895,41,99.22382548,126795,778,3.655913978,84000041,USA,3006.232963,18.59020311
Oregon,US,6/1/2020,44.572,-122.0709,4243,153,2152,1938,41,100.5989705,129201,786,3.605939194,84000041,USA,3063.277772,18.5246288
Oregon,US,6/2/2020,44.572,-122.0709,4302,154,2164,1984,41,101.9978249,131618,790,3.579730358,84000041,USA,3120.583384,18.36355184
Oregon,US,6/3/2020,44.572,-122.0709,4335,157,2164,2014,41,102.780235,134209,795,3.621683968,84000041,USA,3182.014431,18.33910035
Oregon,US,6/4/2020,44.572,-122.0709,4399,159,2199,2041,41,104.2976364,136668,800,3.614457831,84000041,USA,3240.315838,18.18595135
Oregon,US,6/5/2020,44.572,-122.0709,4474,159,2199,2116,41,106.0758411,139312,812,3.553866786,84000041,USA,3303.003483,18.14930711
Oregon,US,6/6/2020,44.572,-122.0709,4570,161,2214,2195,41,108.3519432,143246,819,3.52297593,84000041,USA,3396.27625,17.92122538
Oregon,US,6/7/2020,44.572,-122.0709,4570,161,2237,2172,41,108.3519432,146159,819,3.52297593,84000041,USA,3465.341722,17.92122538
Oregon,US,6/8/2020,44.572,-122.0709,4662,163,2237,2262,41,110.5332077,148400,819,3.496353496,84000041,USA,3518.474481,17.56756757
Oregon,US,6/9/2020,44.572,-122.0709,4922,164,2237,2521,41,116.6976509,149879,843,3.33197887,84000041,USA,3553.540678,17.12718407
Oregon,US,6/10/2020,44.572,-122.0709,4988,169,2313,2506,41,118.2624711,153617,851,3.388131516,84000041,USA,3642.166403,17.06094627
Oregon,US,6/11/2020,44.572,-122.0709,5060,169,2332,2559,41,119.9695477,156758,857,3.339920949,84000041,USA,3716.637619,16.93675889
Oregon,US,6/12/2020,44.572,-122.0709,5237,171,2350,2716,41,124.1661109,161804,864,3.265228184,84000041,USA,3836.275235,16.49799504
Oregon,US,6/13/2020,44.572,-122.0709,5377,173,2370,2834,41,127.4854264,166189,875,3.217407476,84000041,USA,3940.24094,16.27301469
Oregon,US,6/14/2020,44.572,-122.0709,5377,173,2396,2808,41,127.4854264,166189,875,3.217407476,84000041,USA,3940.24094,16.27301469
Oregon,US,6/15/2020,44.572,-122.0709,5377,173,2396,2808,41,127.4854264,166189,875,3.217407476,84000041,USA,3940.24094,16.27301469
Oregon,US,6/16/2020,44.572,-122.0709,5820,180,2396,3244,41,137.9886892,173882,875,3.092783505,84000041,USA,4122.637329,15.03436426
Oregon,US,6/17/2020,44.572,-122.0709,6098,182,2431,3485,41,144.5799015,179538,912,2.98458511,84000041,USA,4256.737677,14.95572319
Oregon,US,6/18/2020,44.572,-122.0709,6218,183,2457,3578,41,147.4250291,184350,929,2.943068511,84000041,USA,4370.827294,14.94049534
Oregon,US,6/19/2020,44.572,-122.0709,6366,187,2502,3677,41,150.9340198,189136,933,2.937480364,84000041,USA,4484.300467,14.65598492
Oregon,US,6/20/2020,44.572,-122.0709,6572,188,2533,3851,41,155.8181556,193917,946,2.860620816,84000041,USA,4597.655093,14.39440049
Oregon,US,6/21/2020,44.572,-122.0709,6572,188,2533,3851,41,155.8181556,194095,946,2.860620816,84000041,USA,4601.875366,14.39440049
Oregon,US,6/22/2020,44.572,-122.0709,6572,188,2533,3851,41,155.8181556,202611,946,2.860620816,84000041,USA,4803.784589,14.39440049
Oregon,US,6/23/2020,44.572,-122.0709,7083,192,2588,4303,41,167.9336573,206628,969,2.710715798,84000041,USA,4899.025236,13.6806438
Oregon,US,6/24/2020,44.572,-122.0709,7274,192,2604,4478,41,172.4621521,210712,983,2.639538081,84000041,USA,4995.854412,13.51388507
Oregon,US,6/25/2020,44.572,-122.0709,7444,195,2604,4645,41,176.4927495,214008,1006,2.619559377,84000041,USA,5074.000584,13.51423966
Oregon,US,6/26/2020,44.572,-122.0709,7568,197,2649,4722,41,179.4327147,216618,1012,2.603065539,84000041,USA,5135.882109,13.37209302
Oregon,US,6/27/2020,44.572,-122.0709,7818,202,2649,4967,41,185.3600639,216868,1022,2.583781018,84000041,USA,5141.809458,13.07239703
Oregon,US,6/28/2020,44.572,-122.0709,8094,202,2649,5243,41,191.9038574,216868,1022,2.495675809,84000041,USA,5141.809458,12.62663702
Oregon,US,6/29/2020,44.572,-122.0709,8341,202,2649,5490,41,197.7600784,217391,1022,2.42177197,84000041,USA,5154.209473,12.25272749
Oregon,US,6/30/2020,44.572,-122.0709,8485,204,2700,5581,41,201.1742316,235133,1025,2.404242781,84000041,USA,5574.86159,12.08014143
Oregon,US,7/1/2020,44.572,-122.0709,8656,207,2722,5727,41,205.2285384,237634,1038,2.391404806,84000041,USA,5634.158792,11.99168207
Oregon,US,7/2/2020,44.572,-122.0709,8931,208,2722,6001,41,211.7486225,243360,1055,2.328966521,84000041,USA,5769.918798,11.81278692
Oregon,US,7/3/2020,44.572,-122.0709,9294,209,2759,6326,41,220.3551336,251054,1069,2.248762643,84000041,USA,5952.338896,11.50204433
Oregon,US,7/4/2020,44.572,-122.0709,9636,209,2759,6668,41,228.4637473,251054,1069,2.168949772,84000041,USA,5952.338896,11.09381486
Oregon,US,7/5/2020,44.572,-122.0709,9930,213,2759,6958,41,235.4343099,255026,1069,2.145015106,84000041,USA,6046.51262,10.7653575
Oregon,US,7/6/2020,44.572,-122.0709,10230,215,2759,7256,41,242.5471289,264201,1069,2.101661779,84000041,USA,6264.046336,10.44965787
Oregon,US,7/7/2020,44.572,-122.0709,10395,215,2846,7334,41,246.4591794,267721,1125,2.068302068,84000041,USA,6347.503412,10.82251082
Oregon,US,7/8/2020,44.572,-122.0709,10605,220,2877,7508,41,251.4381527,271906,1141,2.074493164,84000041,USA,6446.727238,10.75907591
Oregon,US,7/9/2020,44.572,-122.0709,10817,224,2877,7716,41,256.4645448,276267,1155,2.070814459,84000041,USA,6550.123917,10.67763705
Oregon,US,7/10/2020,44.572,-122.0709,11188,230,2977,7981,41,265.2607311,282075,1162,2.055774044,84000041,USA,6687.828094,10.38612799
Oregon,US,7/11/2020,44.572,-122.0709,11454,232,3009,8213,41,271.5674306,286770,1180,2.025493277,84000041,USA,6799.143711,10.30207788
Oregon,US,7/12/2020,44.572,-122.0709,11851,232,3009,8610,41,280.9800611,292183,1180,1.957640705,84000041,USA,6927.482676,9.956965657
Oregon,US,7/13/2020,44.572,-122.0709,12170,234,3009,8927,41,288.5433587,296172,1180,1.922760887,84000041,USA,7022.05946,9.695973706
Oregon,US,7/14/2020,44.572,-122.0709,12438,237,3094,9107,41,294.897477,300712,1234,1.905451037,84000041,USA,7129.700121,9.921209198
Oregon,US,7/15/2020,44.572,-122.0709,12805,244,3129,9432,41,303.5988256,305456,1254,1.905505662,84000041,USA,7242.177499,9.79304959
Oregon,US,7/16/2020,44.572,-122.0709,13081,247,3129,9705,41,310.1426191,305456,1254,1.888234844,84000041,USA,7242.177499,9.586423056
Oregon,US,7/17/2020,44.572,-122.0709,13509,249,3199,10061,41,320.290241,318946,1311,1.843215634,84000041,USA,7562.017262,9.70464135
Oregon,US,7/18/2020,44.572,-122.0709,13802,254,3199,10349,41,327.2370942,324195,1327,1.840312998,84000041,USA,7686.467886,9.614548616
Oregon,US,7/19/2020,44.572,-122.0709,14149,257,3225,10667,41,335.4642549,330793,1327,1.816382783,84000041,USA,7842.902485,9.378754682
Oregon,US,7/20/2020,44.572,-122.0709,14579,260,3225,11094,41,345.6592955,335590,1327,1.783387064,84000041,USA,7956.636462,9.102133205
Oregon,US,7/21/2020,44.572,-122.0709,14847,262,3338,11247,41,352.0134138,340044,1387,1.764666263,84000041,USA,8062.238115,9.341954604
Oregon,US,7/22/2020,44.572,-122.0709,15139,269,3381,11489,41,358.9365577,345263,1406,1.776867693,84000041,USA,8185.977457,9.287271286
Oregon,US,7/23/2020,44.572,-122.0709,15393,271,3381,11741,41,364.9587445,352794,1433,1.760540505,84000041,USA,8364.532924,9.309426363
Oregon,US,7/24/2020,44.572,-122.0709,15713,273,3509,11931,41,372.5457514,358491,1465,1.737414879,84000041,USA,8499.605357,9.323490104
Oregon,US,7/25/2020,44.572,-122.0709,16104,282,3541,12281,41,381.8161256,366567,1474,1.751117735,84000041,USA,8691.082445,9.153005464
Oregon,US,7/26/2020,44.572,-122.0709,16104,282,3541,12281,41,381.8161256,374010,1474,1.751117735,84000041,USA,8867.551486,9.153005464
Oregon,US,7/27/2020,44.572,-122.0709,16758,289,3541,12928,41,397.3220711,378475,1474,1.724549469,84000041,USA,8973.413942,8.795799021
Oregon,US,7/28/2020,44.572,-122.0709,17088,289,3684,13115,41,405.146172,382566,1514,1.691245318,84000041,USA,9070.409084,8.860018727
Oregon,US,7/29/2020,44.572,-122.0709,17408,303,3736,13369,41,412.733179,387656,1537,1.740579044,84000041,USA,9191.089914,8.829273897
Oregon,US,7/30/2020,44.572,-122.0709,17721,311,3736,13674,41,420.1542201,394155,1568,1.754979967,84000041,USA,9345.177283,8.848259128
Oregon,US,7/31/2020,44.572,-122.0709,18131,316,3835,13980,41,429.8750728,398639,1587,1.742871325,84000041,USA,9451.490219,8.752964536
Oregon,US,8/1/2020,44.572,-122.0709,18492,322,3872,14298,41,438.4341651,404193,1607,1.741293532,84000041,USA,9583.172208,8.69024443
Oregon,US,8/2/2020,44.572,-122.0709,18817,325,3872,14620,41,446.139719,409616,1607,1.727161609,84000041,USA,9711.748267,8.540149864
Oregon,US,8/3/2020,44.572,-122.0709,19097,326,3872,14899,41,452.7783501,413657,1607,1.70707441,84000041,USA,9807.557939,8.414934283
Oregon,US,8/4/2020,44.572,-122.0709,19366,328,3960,15078,41,459.1561778,417131,1655,1.693689972,84000041,USA,9889.924384,8.545905195
Oregon,US,8/5/2020,44.572,-122.0709,19699,333,3960,15406,41,467.051407,419914,1688,1.690441139,84000041,USA,9955.907635,8.568962892
Oregon,US,8/6/2020,44.572,-122.0709,19978,338,4037,15603,41,473.6663286,426802,1726,1.691861047,84000041,USA,10119.21796,8.639503454
Oregon,US,8/7/2020,44.572,-122.0709,20224,339,4065,15820,41,479.4988403,432262,1743,1.676226266,84000041,USA,10248.67127,8.618473101
Oregon,US,8/8/2020,44.572,-122.0709,20635,348,4111,16176,41,489.2434023,437693,1758,1.686455052,84000041,USA,10377.437,8.519505694
Oregon,US,8/9/2020,44.572,-122.0709,21010,355,4111,16544,41,498.1344261,438067,1758,1.689671585,84000041,USA,10386.30431,8.367444074
Oregon,US,8/10/2020,44.572,-122.0709,21272,356,4111,16805,41,504.3462881,447037,1758,1.673561489,84000041,USA,10598.9776,8.264385107
Oregon,US,8/11/2020,44.572,-122.0709,21488,357,4226,16905,41,509.4675178,450732,1798,1.661392405,84000041,USA,10686.58382,8.367460908
Oregon,US,8/12/2020,44.572,-122.0709,21774,368,4226,17180,41,516.2484052,457088,1813,1.690089097,84000041,USA,10837.28075,8.326444383
Oregon,US,8/13/2020,44.572,-122.0709,22022,375,4282,17365,41,522.1283356,462542,1845,1.702842612,84000041,USA,10966.5918,8.377985651
Oregon,US,8/14/2020,44.572,-122.0709,22300,383,4282,17635,41,528.7195479,467263,1853,1.717488789,84000041,USA,11078.52386,8.30941704
Oregon,US,8/15/2020,44.572,-122.0709,22613,385,4355,17873,41,536.1405891,473107,1863,1.702560474,84000041,USA,11217.08158,8.2386238
Oregon,US,8/16/2020,44.572,-122.0709,23018,386,4355,18277,41,545.7428948,484879,1863,1.676948475,84000041,USA,11496.1886,8.093665827
Oregon,US,8/17/2020,44.572,-122.0709,23262,388,4355,18519,41,551.5279876,488797,1863,1.667956324,84000041,USA,11589.08201,8.008769667
Oregon,US,8/18/2020,44.572,-122.0709,23451,388,4419,18644,41,556.0090636,491217,1913,1.654513667,84000041,USA,11646.45875,8.157434651
Oregon,US,8/19/2020,44.572,-122.0709,23676,397,4468,18811,41,561.3436779,496338,1929,1.676803514,84000041,USA,11767.87457,8.14749113
Oregon,US,8/20/2020,44.572,-122.0709,23870,408,4468,18994,41,565.9433009,501156,1958,1.709258483,84000041,USA,11882.10645,8.202764977
Oregon,US,8/21/2020,44.572,-122.0709,24165,412,4566,19187,41,572.9375729,506367,1979,1.704945169,84000041,USA,12005.65611,8.189530312
Oregon,US,8/22/2020,44.572,-122.0709,24421,414,4566,19441,41,579.0071785,511321,1984,1.695262274,84000041,USA,12123.11247,8.12415544
Oregon,US,8/23/2020,44.572,-122.0709,24710,417,4589,19704,41,585.8591942,516464,1984,1.68757588,84000041,USA,12245.04989,8.029138001
Oregon,US,8/24/2020,44.572,-122.0709,24937,417,4589,19931,41,591.2412272,519820,1984,1.672213979,84000041,USA,12324.61863,7.956049244
Oregon,US,8/25/2020,44.572,-122.0709,25155,420,4634,20101,41,596.4098757,523337,2028,1.669648181,84000041,USA,12408.00458,8.062015504
Oregon,US,8/26/2020,44.572,-122.0709,25391,428,4747,20216,41,602.0052934,528009,2038,1.685636643,84000041,USA,12518.77488,8.026466071
Oregon,US,8/27/2020,44.572,-122.0709,25571,433,4747,20391,41,606.2729848,532738,2063,1.693324469,84000041,USA,12630.89662,8.067732979
Oregon,US,8/28/2020,44.572,-122.0709,25761,438,4789,20534,41,610.7777702,538716,2093,1.700244556,84000041,USA,12772.63139,8.124684601
Oregon,US,8/29/2020,44.572,-122.0709,26054,447,4859,20748,41,617.7246234,543867,,1.71566746,84000041,USA,12894.75849,
Oregon,US,8/30/2020,44.572,-122.0709,26293,454,4884,20955,41,623.3911692,548850,,1.726695318,84000041,USA,13012.90242,
Oregon,US,8/31/2020,44.572,-122.0709,26554,458,4884,21212,41,629.5793218,553345,,1.724787226,84000041,USA,13119.47616,
Oregon,US,9/1/2020,44.572,-122.0709,26713,459,4884,21370,41,633.3491159,557228,,1.718264515,84000041,USA,13211.53974,
Oregon,US,9/2/2020,44.572,-122.0709,26946,464,4938,21544,41,638.8734053,561800,,1.721962443,84000041,USA,13319.9391,
Oregon,US,9/3/2020,44.572,-122.0709,27075,468,5144,21463,41,641.9319175,566382,,1.728531856,84000041,USA,13428.57556,
Oregon,US,9/4/2020,44.572,-122.0709,27336,470,5144,21722,41,648.1200701,571125,,1.719344454,84000041,USA,13541.02923,
Oregon,US,9/5/2020,44.572,-122.0709,27601,475,5198,21928,41,654.4030602,576929,,1.720952139,84000041,USA,13678.63857,
Oregon,US,9/6/2020,44.572,-122.0709,27856,480,5198,22178,41,660.4489564,580107,,1.723147616,84000041,USA,13753.98703,
Oregon,US,9/7/2020,44.572,-122.0709,28044,481,5198,22365,41,664.906323,585425,,1.715161888,84000041,USA,13880.0736,
Oregon,US,9/8/2020,44.572,-122.0709,28190,482,5198,22510,41,668.3678949,588166,,1.709826179,84000041,USA,13945.06106,
Oregon,US,9/9/2020,44.572,-122.0709,28356,486,5252,22618,41,672.3036548,591499,,1.713922979,84000041,USA,14024.08448,
Oregon,US,9/10/2020,44.572,-122.0709,28471,494,5277,22700,41,675.0302354,594077,,1.735098873,84000041,USA,14085.2073,
Oregon,US,9/11/2020,44.572,-122.0709,28471,497,5291,22683,41,675.0302354,596988,,1.74563591,84000041,USA,14154.22536,
Oregon,US,9/12/2020,44.572,-122.0709,28865,499,5310,23056,41,684.3717377,605739,,1.728737225,84000041,USA,14361.70629,
Oregon,US,9/13/2020,44.572,-122.0709,29156,505,5310,23341,41,691.2711722,610104,,1.732062011,84000041,USA,14465.19781,
Oregon,US,9/14/2020,44.572,-122.0709,29337,509,5310,23518,41,695.562573,612620,,1.735010396,84000041,USA,14524.85065,
Oregon,US,9/15/2020,44.572,-122.0709,29337,509,5310,23518,41,695.562573,614804,,1.735010396,84000041,USA,14576.63197,
Oregon,US,9/16/2020,44.572,-122.0709,29662,519,5353,23790,41,703.268127,618064,,1.749713438,84000041,USA,14653.9246,
Oregon,US,9/17/2020,44.572,-122.0709,29850,521,5365,23964,41,707.7254936,621273,,1.745393635,84000041,USA,14730.00806,
Oregon,US,9/18/2020,44.572,-122.0709,30060,521,5376,24163,41,712.7044669,625424,,1.733200266,84000041,USA,14828.42576,
Oregon,US,9/19/2020,44.572,-122.0709,30342,521,5376,24445,41,719.3905168,629422,,1.71709182,84000041,USA,14923.21593,
Oregon,US,9/20/2020,44.572,-122.0709,30599,525,5391,24683,41,725.4838317,633910,,1.715742345,84000041,USA,15029.62371,
Oregon,US,9/21/2020,44.572,-122.0709,30801,526,5391,24884,41,730.2731299,636069,,1.707736762,84000041,USA,15080.81229,
Oregon,US,9/22/2020,44.572,-122.0709,30995,529,5431,25035,41,734.8727529,638798,,1.706726891,84000041,USA,15145.51524,
Oregon,US,9/23/2020,44.572,-122.0709,31313,532,5431,25350,41,742.412341,642581,,1.698974867,84000041,USA,15235.20789,
Oregon,US,9/24/2020,44.572,-122.0709,31503,538,5475,25490,41,746.9171264,646125,,1.707773863,84000041,USA,15319.23399,
Oregon,US,9/25/2020,44.572,-122.0709,31865,539,5484,25842,41,755.499928,650498,,1.691511062,84000041,USA,15422.91518,
Oregon,US,9/26/2020,44.572,-122.0709,32314,542,5490,26282,41,766.1454472,662906,,1.677291576,84000041,USA,15717.10137,
Oregon,US,9/27/2020,44.572,-122.0709,32581,542,5490,26549,41,772.4758561,668671,,1.663546239,84000041,USA,15853.78605,
Oregon,US,9/28/2020,44.572,-122.0709,32820,543,5490,26787,41,778.142402,671490,,1.654478976,84000041,USA,15920.62284,
Oregon,US,9/29/2020,44.572,-122.0709,32994,547,5490,26957,41,782.267837,675029,,1.65787719,84000041,USA,16004.53039,
Oregon,US,9/30/2020,44.572,-122.0709,33291,555,5538,27198,41,789.3095278,679383,,1.667117239,84000041,USA,16107.76111,
Oregon,US,10/1/2020,44.572,-122.0709,33509,559,5720,27230,41,794.4781763,685873,,1.668208541,84000041,USA,16261.63509,
Oregon,US,10/2/2020,44.572,-122.0709,33862,560,5738,27564,41,802.8475934,691945,,1.653771189,84000041,USA,16405.59855,
Oregon,US,10/3/2020,44.572,-122.0709,34163,563,5738,27862,41,809.9841218,697293,,1.647981735,84000041,USA,16532.3964,
Oregon,US,10/4/2020,44.572,-122.0709,34511,571,5752,28188,41,818.2349919,701903,,1.654544928,84000041,USA,16641.69672,
Oregon,US,10/5/2020,44.572,-122.0709,34770,572,5752,28446,41,824.3757257,705436,,1.645096347,84000041,USA,16725.46202,
Oregon,US,10/6/2020,44.572,-122.0709,35049,572,5826,28651,41,830.9906474,709012,,1.632000913,84000041,USA,16810.24682,
Oregon,US,10/7/2020,44.572,-122.0709,35339,581,5870,28888,41,837.8663724,713398,,1.64407595,84000041,USA,16914.23624,
Oregon,US,10/8/2020,44.572,-122.0709,35634,583,5870,29181,41,844.8606445,718568,,1.636077903,84000041,USA,17036.81382,
Oregon,US,10/9/2020,44.572,-122.0709,36116,594,5870,29652,41,856.2885737,718568,,1.64470041,84000041,USA,17036.81382,
Oregon,US,10/10/2020,44.572,-122.0709,36526,597,5870,30059,41,866.0094264,730671,,1.634452171,84000041,USA,17323.76865,
Oregon,US,10/11/2020,44.572,-122.0709,36924,599,5870,30455,41,875.4457663,736598,,1.62225111,84000041,USA,17464.29424,
Oregon,US,10/12/2020,44.572,-122.0709,37255,599,5870,30786,41,883.2935766,741233,,1.607837874,84000041,USA,17574.1873,
Oregon,US,10/13/2020,44.572,-122.0709,37467,599,5870,30998,41,888.3199687,745255,,1.598740225,84000041,USA,17669.54649,
Oregon,US,10/14/2020,44.572,-122.0709,37780,605,5870,31305,41,895.7410099,751277,,1.60137639,84000041,USA,17812.32448,
Oregon,US,10/15/2020,44.572,-122.0709,38160,608,5870,31682,41,904.7505807,761552,,1.593291405,84000041,USA,18055.93853,
Oregon,US,10/16/2020,44.572,-122.0709,38525,611,5870,32044,41,913.4045105,769276,,1.585983128,84000041,USA,18239.06991,
Oregon,US,10/17/2020,44.572,-122.0709,38935,617,5870,32448,41,923.1253632,775189,,1.584692436,84000041,USA,18379.26357,
Oregon,US,10/18/2020,44.572,-122.0709,39315,619,5870,32826,41,932.134934,781643,,1.574462673,84000041,USA,18532.28402,
Oregon,US,10/19/2020,44.572,-122.0709,39532,620,5870,33042,41,937.2798731,785104,,1.568349691,84000041,USA,18614.34224,
Oregon,US,10/20/2020,44.572,-122.0709,39794,627,5870,33297,41,943.491735,788509,,1.575614414,84000041,USA,18695.07274,
Oregon,US,10/21/2020,44.572,-122.0709,40136,633,5870,33633,41,951.6003487,795317,,1.577137732,84000041,USA,18856.48631,
Oregon,US,10/22/2020,44.572,-122.0709,40443,635,5870,33938,41,958.8791335,799935,,1.57011102,84000041,USA,18965.9763,
Oregon,US,10/23/2020,44.572,-122.0709,40443,635,5870,33938,41,958.8791335,806001,,1.57011102,84000041,USA,19109.79751,
Oregon,US,10/24/2020,44.572,-122.0709,41348,649,5870,34829,41,980.3361376,815201,,1.569604334,84000041,USA,19327.92396,
Oregon,US,10/25/2020,44.572,-122.0709,41739,653,5870,35216,41,989.6065117,821142,,1.564484056,84000041,USA,19468.78148,
Oregon,US,10/26/2020,44.572,-122.0709,42101,653,5870,35578,41,998.1893134,825250,,1.551032042,84000041,USA,19566.17968,
Oregon,US,10/27/2020,44.572,-122.0709,42436,655,5870,35911,41,1006.131961,830284,,1.543500801,84000041,USA,19685.53279,
Oregon,US,10/28/2020,44.572,-122.0709,42808,664,5870,36274,41,1014.951857,836995,,1.551111942,84000041,USA,19844.64655,
Oregon,US,10/29/2020,44.572,-122.0709,43228,671,5870,36687,41,1024.909804,841049,,1.552234663,84000041,USA,19940.76444,
Oregon,US,10/30/2020,44.572,-122.0709,43793,673,5870,37250,41,1038.305613,848795,,1.536775284,84000041,USA,20124.41743,
Oregon,US,10/31/2020,44.572,-122.0709,44388,675,5870,37843,41,1052.412704,854938,,1.520681265,84000041,USA,20270.06425,
Oregon,US,11/1/2020,44.572,-122.0709,44921,689,5870,38362,41,1065.049812,861949,,1.533803789,84000041,USA,20436.29084,
Oregon,US,11/2/2020,44.572,-122.0709,45429,691,5870,38868,41,1077.094186,867792,,1.521054833,84000041,USA,20574.82484,
Oregon,US,11/3/2020,44.572,-122.0709,45978,692,5870,39416,41,1090.110645,871900,,1.505067641,84000041,USA,20672.22304,
Oregon,US,11/4/2020,44.572,-122.0709,46460,701,5870,39889,41,1101.538574,877404,,1.508824796,84000041,USA,20802.71956,
Oregon,US,11/5/2020,44.572,-122.0709,47049,705,5870,40474,41,1115.503409,882954,,1.498437799,84000041,USA,20934.30671,
Oregon,US,11/6/2020,44.572,-122.0709,47839,710,5870,41259,41,1134.233832,889027,,1.484144735,84000041,USA,21078.29388,
Oregon,US,11/7/2020,44.572,-122.0709,48608,716,5870,42022,41,1152.466358,897602,,1.473008558,84000041,USA,21281.60196,
Oregon,US,11/8/2020,44.572,-122.0709,49587,729,5870,42988,41,1175.677858,903099,,1.470143384,84000041,USA,21411.93251,
Oregon,US,11/9/2020,44.572,-122.0709,50448,730,5870,43848,41,1196.091648,909301,,1.44703457,84000041,USA,21558.97819,
Oregon,US,11/10/2020,44.572,-122.0709,51155,734,5870,44551,41,1212.854192,914677,,1.434854853,84000041,USA,21686.43991,
Oregon,US,11/11/2020,44.572,-122.0709,51909,737,5870,45302,41,1230.731077,921216,,1.419792329,84000041,USA,21841.47565,
Oregon,US,11/12/2020,44.572,-122.0709,52770,742,5870,46158,41,1251.144867,928343,,1.406101952,84000041,USA,22010.45252,
Oregon,US,11/13/2020,44.572,-122.0709,53879,746,5870,47263,41,1277.438589,935877,,1.384583975,84000041,USA,22189.07912,
Oregon,US,11/14/2020,44.572,-122.0709,54937,753,5870,48314,41,1302.52313,943147,,1.370660939,84000041,USA,22361.44643,
Oregon,US,11/15/2020,44.572,-122.0709,56018,759,5870,49389,41,1328.152988,951565,,1.354921632,84000041,USA,22561.03214,
Oregon,US,11/16/2020,44.572,-122.0709,56880,761,5870,50249,41,1348.590488,957979,,1.33790436,84000041,USA,22713.10421,
Oregon,US,11/17/2020,44.572,-122.0709,57646,765,5870,51011,41,1366.751886,962982,,1.327065191,84000041,USA,22831.72232,
Oregon,US,11/18/2020,44.572,-122.0709,58570,778,5870,51922,41,1388.659369,969822,,1.328325081,84000041,USA,22993.89459,
Oregon,US,11/19/2020,44.572,-122.0709,59669,788,5870,53011,41,1414.715996,976850,,1.320618747,84000041,USA,23160.52423,
Oregon,US,11/20/2020,44.572,-122.0709,60873,808,5870,54195,41,1443.26211,985292,,1.327353671,84000041,USA,23360.67896,
Oregon,US,11/21/2020,44.572,-122.0709,62175,812,5870,55493,41,1474.131744,993753,,1.305991154,84000041,USA,23561.28417,
Oregon,US,11/22/2020,44.572,-122.0709,63668,819,5870,56979,41,1509.529873,1001247,,1.286360495,84000041,USA,23738.96239,
Oregon,US,11/23/2020,44.572,-122.0709,65170,820,5870,58480,41,1545.141387,1009614,,1.25824766,84000041,USA,23937.33891,
Oregon,US,11/24/2020,44.572,-122.0709,66333,826,5870,59637,41,1572.715416,1016282,,1.245232388,84000041,USA,24095.43317,
Oregon,US,11/25/2020,44.572,-122.0709,67333,847,5870,60616,41,1596.424813,1024582,,1.257927019,84000041,USA,24292.22116,
Oregon,US,11/26/2020,44.572,-122.0709,68503,867,5870,61766,41,1624.164807,1028972,,1.265638001,84000041,USA,24396.30541,
Oregon,US,11/27/2020,44.572,-122.0709,68503,867,5870,61766,41,1624.164807,1030663,,1.265638001,84000041,USA,24436.398,
Oregon,US,11/28/2020,44.572,-122.0709,70832,885,5870,64077,41,1679.383992,1031436,,1.249435283,84000041,USA,24454.72537,
Oregon,US,11/29/2020,44.572,-122.0709,72506,896,5870,65740,41,1719.073522,1033150,,1.235759799,84000041,USA,24495.36327,
Oregon,US,11/30/2020,44.572,-122.0709,74119,905,5870,67344,41,1757.316779,1042806,,1.221009458,84000041,USA,24724.30121,
Oregon,US,12/1/2020,44.572,-122.0709,75431,912,5870,68649,41,1788.423508,1044117,,1.209051981,84000041,USA,24755.38423,
Oregon,US,12/2/2020,44.572,-122.0709,76654,936,5870,69848,41,1817.4201,1042082,,1.221071307,84000041,USA,24707.1356,
Oregon,US,12/3/2020,44.572,-122.0709,78160,953,5870,71337,41,1853.126451,1047275,,1.219293756,84000041,USA,24830.2585,
Oregon,US,12/4/2020,44.572,-122.0709,79293,973,5870,72450,41,1879.989198,1048378,,1.227094447,84000041,USA,24856.40997,
Oregon,US,12/5/2020,44.572,-122.0709,81437,1003,5870,74564,41,1930.822145,2087054,,1.231626902,84000041,USA,49482.79136,
Oregon,US,12/6/2020,44.572,-122.0709,83243,1027,5870,76346,41,1973.641315,2088860,,1.233737371,84000041,USA,49525.61053,
Oregon,US,12/7/2020,44.572,-122.0709,84496,1033,5870,77593,41,2003.349189,2090113,,1.222543079,84000041,USA,49555.31841,
Oregon,US,12/8/2020,44.572,-122.0709,85788,1045,5870,78873,41,2033.98173,2153661,,1.218119084,84000041,USA,51062.00315,
Oregon,US,12/9/2020,44.572,-122.0709,87082,1080,5870,80132,41,2064.661689,2175160,,1.240210376,84000041,USA,51571.73148,
Oregon,US,12/10/2020,44.572,-122.0709,88287,1110,5870,81307,41,2093.231513,2193822,,1.257263244,84000041,USA,52014.19624,
Oregon,US,12/11/2020,44.572,-122.0709,89838,1123,5870,82845,41,2130.004787,2216527,,1.250027828,84000041,USA,52552.51809,
Oregon,US,12/12/2020,44.572,-122.0709,91420,1138,5870,84412,41,2167.513053,2242771,,1.2448042,84000041,USA,53174.7475,
Oregon,US,12/13/2020,44.572,-122.0709,92839,1150,5870,85819,41,2201.156687,2242771,,1.238703562,84000041,USA,53174.7475,
Oregon,US,12/14/2020,44.572,-122.0709,93853,1155,5870,86828,41,2225.198015,2242771,,1.230647928,84000041,USA,53174.7475,
Oregon,US,12/15/2020,44.572,-122.0709,95010,1161,5870,87979,41,2252.629787,2304931,,1.221976634,84000041,USA,54648.5236,
Oregon,US,12/16/2020,44.572,-122.0709,96092,1213,5870,89009,41,2278.283354,2304931,,1.262331932,84000041,USA,54648.5236,
Oregon,US,12/17/2020,44.572,-122.0709,97622,1262,5870,90490,41,2314.558731,2343728,,1.29274139,84000041,USA,55568.37707,
Oregon,US,12/18/2020,44.572,-122.0709,98936,1283,5870,91783,41,2345.712879,2392813,,1.29679793,84000041,USA,56732.15281,
Oregon,US,12/19/2020,44.572,-122.0709,100308,1304,5870,93134,41,2378.242171,2415804,,1.299996012,84000041,USA,57277.25555,
Oregon,US,12/20/2020,44.572,-122.0709,101814,1340,5870,94604,41,2413.948523,2415804,,1.316125484,84000041,USA,57277.25555,
Oregon,US,12/21/2020,44.572,-122.0709,102930,1341,5870,95719,41,2440.408209,2415804,,1.302827164,84000041,USA,57277.25555,
Oregon,US,12/22/2020,44.572,-122.0709,103755,1347,5870,96538,41,2459.968462,2472444,,1.298250687,84000041,USA,58620.15578,
Oregon,US,12/23/2020,44.572,-122.0709,105073,1382,5870,97821,41,2491.217447,2472444,,1.315276046,84000041,USA,58620.15578,
Oregon,US,12/24/2020,44.572,-122.0709,105970,1403,5870,98697,41,2512.484776,2517896,,1.323959611,84000041,USA,59697.79529,
Oregon,US,12/25/2020,44.572,-122.0709,106821,1415,5870,99536,41,2532.661472,2537482,,1.324645903,84000041,USA,60162.16753,
Oregon,US,12/26/2020,44.572,-122.0709,106821,1415,5870,99536,41,2532.661472,2537482,,1.324645903,84000041,USA,60162.16753,
Oregon,US,12/27/2020,44.572,-122.0709,108326,1422,5870,101034,41,2568.344114,2537482,,1.312704245,84000041,USA,60162.16753,
Oregon,US,12/28/2020,44.572,-122.0709,109725,1427,5870,102428,41,2601.51356,2537482,,1.300524037,84000041,USA,60162.16753,
Oregon,US,12/29/2020,44.572,-122.0709,110545,1433,5870,103242,41,2620.955266,2598391,,1.296304672,84000041,USA,61606.28318,
Oregon,US,12/30/2020,44.572,-122.0709,111227,1449,5870,103908,41,2637.125074,2598391,,1.302741241,84000041,USA,61606.28318,
Oregon,US,12/31/2020,44.572,-122.0709,112260,1468,5870,104922,41,2661.616881,2632475,,1.307678603,84000041,USA,62414.39426,
Oregon,US,1/1/2021,44.572,-122.0709,113909,1477,5870,106562,41,2700.713677,2652670,,1.29664908,84000041,USA,62893.20553,
Oregon,US,1/2/2021,44.572,-122.0709,113909,1477,5870,106562,41,2700.713677,2652670,,1.29664908,84000041,USA,62893.20553,
Oregon,US,1/3/2021,44.572,-122.0709,116348,1492,5870,108986,41,2758.540895,2652670,,1.282359817,84000041,USA,62893.20553,
Oregon,US,1/4/2021,44.572,-122.0709,117745,1500,5870,110375,41,2791.662923,2652670,,1.273939445,84000041,USA,62893.20553,
Oregon,US,1/5/2021,44.572,-122.0709,118453,1506,5870,111077,41,2808.449175,2722777,,1.27139034,84000041,USA,64555.40021,
Oregon,US,1/6/2021,44.572,-122.0709,119488,1550,5870,112068,41,2832.988401,2722777,,1.297201393,84000041,USA,64555.40021,
Oregon,US,1/7/2021,44.572,-122.0709,120223,1558,5870,112795,41,2850.414808,2741116,,1.295925073,84000041,USA,64990.20683,
Oregon,US,1/8/2021,44.572,-122.0709,121085,1568,5870,113647,41,2870.852308,2762331,,1.294958087,84000041,USA,65493.20169,
Oregon,US,1/9/2021,44.572,-122.0709,122847,1575,5870,115402,41,2912.628265,2786624,,1.282082591,84000041,USA,66069.17406,
Oregon,US,1/10/2021,44.572,-122.0709,124476,1603,5870,117003,41,2951.250872,2786624,,1.287798451,84000041,USA,66069.17406,
Oregon,US,1/11/2021,44.572,-122.0709,125683,1604,5870,118209,41,2979.868114,2786624,,1.276226697,84000041,USA,66069.17406,
Oregon,US,1/12/2021,44.572,-122.0709,126607,1613,5870,119124,41,3001.775597,2839839,,1.274021184,84000041,USA,67330.86961,
Oregon,US,1/13/2021,44.572,-122.0709,127780,1667,5870,120243,41,3029.586719,2839839,,1.304586007,84000041,USA,67330.86961,
Oregon,US,1/14/2021,44.572,-122.0709,129109,1708,5870,121531,41,3061.096507,2856686,,1.322913197,84000041,USA,67730.30182,
Oregon,US,1/15/2021,44.572,-122.0709,130246,1737,5870,122639,41,3088.054092,2874572,,1.333630207,84000041,USA,68154.36809,
Oregon,US,1/16/2021,44.572,-122.0709,131258,1758,5870,123630,41,3112.048001,2895680,,1.339346935,84000041,USA,68654.82604,
Oregon,US,1/17/2021,44.572,-122.0709,132412,1799,5870,124743,41,3139.408645,2919566,,1.35863819,84000041,USA,69221.14869,
Oregon,US,1/18/2021,44.572,-122.0709,133205,1800,5870,125535,41,3158.210197,2919566,,1.351300627,84000041,USA,69221.14869,
Oregon,US,1/19/2021,44.572,-122.0709,133851,1803,5870,126178,41,3173.526467,2919566,,1.347020194,84000041,USA,69221.14869,
Oregon,US,1/20/2021,44.572,-122.0709,134468,1808,,,41,3188.155165,2919566,,1.344557813,84000041,USA,69221.14869,
Oregon,US,1/21/2021,44.572,-122.0709,135142,1832,,,41,3204.135298,2987263,,1.355611135,84000041,USA,70826.20372,
Oregon,US,1/22/2021,44.572,-122.0709,135973,1843,,,41,3223.837807,3023332,,1.355416149,84000041,USA,71681.37795,
Oregon,US,1/23/2021,44.572,-122.0709,136839,1865,,,41,3244.370144,3023332,,1.362915543,84000041,USA,71681.37795,
Oregon,US,1/24/2021,44.572,-122.0709,137600,1877,,,41,3262.412995,3043792,,1.364098837,84000041,USA,72166.47221,
Oregon,US,1/25/2021,44.572,-122.0709,138168,1880,,,41,3275.879933,3043792,,1.360662382,84000041,USA,72166.47221,
Oregon,US,1/26/2021,44.572,-122.0709,138587,1882,,,41,3285.81417,3043792,,1.357991731,84000041,USA,72166.47221,
Oregon,US,1/27/2021,44.572,-122.0709,139355,1904,,,41,3304.022987,3081394,,1.366294715,84000041,USA,73057.99295,
Oregon,US,1/28/2021,44.572,-122.0709,140063,1924,,,41,3320.80924,3105100,,1.373667564,84000041,USA,73620.04791,
Oregon,US,1/29/2021,44.572,-122.0709,140783,1930,,,41,3337.880005,3122704,,1.370904157,84000041,USA,74037.42813,
Oregon,US,1/30/2021,44.572,-122.0709,141729,1938,,,41,3360.309095,3133678,,1.367398345,84000041,USA,74297.61505,
Oregon,US,1/31/2021,44.572,-122.0709,142416,1957,,,41,3376.59745,3162750,,1.374143355,84000041,USA,74986.89463,
Oregon,US,2/1/2021,44.572,-122.0709,142416,1957,,,41,3376.59745,3162750,,1.374143355,84000041,USA,74986.89463,
Oregon,US,2/2/2021,44.572,-122.0709,143373,1958,,,41,3399.287343,3162750,,1.365668571,84000041,USA,74986.89463,
Oregon,US,2/3/2021,44.572,-122.0709,143978,1981,,,41,3413.631528,3202207,,1.375904652,84000041,USA,75922.3963,
Oregon,US,2/4/2021,44.572,-122.0709,144605,1991,,,41,3428.49732,3218747,,1.376854189,84000041,USA,76314.54972,
Oregon,US,2/5/2021,44.572,-122.0709,145320,1998,,,41,3445.449538,3233826,,1.37489678,84000041,USA,76672.06372,
Oregon,US,2/6/2021,44.572,-122.0709,146137,2002,,,41,3464.820116,3253665,,1.369947378,84000041,USA,77142.43444,
Oregon,US,2/7/2021,44.572,-122.0709,146741,2020,,,41,3479.140591,3271481,,1.376575054,84000041,USA,77564.84105,
Oregon,US,2/8/2021,44.572,-122.0709,147122,2023,,,41,3488.173871,3271481,,1.375049279,84000041,USA,77564.84105,
Oregon,US,2/9/2021,44.572,-122.0709,147419,2024,,,41,3495.215562,3271481,,1.372957353,84000041,USA,77564.84105,
Oregon,US,2/10/2021,44.572,-122.0709,147932,2031,,,41,3507.378483,3314935,,1.372928102,84000041,USA,78595.10918,
Oregon,US,2/11/2021,44.572,-122.0709,148475,2044,,,41,3520.252685,3328998,,1.376662738,84000041,USA,78928.53442,
Oregon,US,2/12/2021,44.572,-122.0709,149082,2056,,,41,3534.644289,3364377,,1.3791068,84000041,USA,79767.34917,
Oregon,US,2/13/2021,44.572,-122.0709,149576,2094,,,41,3546.356731,3364377,,1.399957212,84000041,USA,79767.34917,
Oregon,US,2/14/2021,44.572,-122.0709,150034,2137,,,41,3557.215635,3384703,,1.424343815,84000041,USA,80249.26637,
Oregon,US,2/15/2021,44.572,-122.0709,150281,2137,,,41,3563.071856,3384703,,1.422002781,84000041,USA,80249.26637,
Oregon,US,2/16/2021,44.572,-122.0709,150464,2137,,,41,3567.410675,3384703,,1.420273288,84000041,USA,80249.26637,
Oregon,US,2/17/2021,44.572,-122.0709,150875,2138,,,41,3577.155238,3384703,,1.417067109,84000041,USA,80249.26637,
Oregon,US,2/18/2021,44.572,-122.0709,151257,2143,,,41,3586.212227,3419985,,1.416793934,84000041,USA,81085.78131,
Oregon,US,2/19/2021,44.572,-122.0709,151713,2149,,,41,3597.023712,3431911,,1.416490347,84000041,USA,81368.53957,
Oregon,US,2/20/2021,44.572,-122.0709,152190,2149,,,41,3608.333094,3449326,,1.412050726,84000041,USA,81781.43872,
Oregon,US,2/21/2021,44.572,-122.0709,152711,2154,,,41,3620.68569,3465787,,1.410507429,84000041,USA,82171.7191,
Oregon,US,2/22/2021,44.572,-122.0709,152818,2155,,,41,3623.222595,3465787,,1.410174194,84000041,USA,82171.7191,
Oregon,US,2/23/2021,44.572,-122.0709,153135,2156,,,41,3630.738474,3465787,,1.407908055,84000041,USA,82171.7191,
Oregon,US,2/24/2021,44.572,-122.0709,153645,2162,,,41,3642.830267,3498165,,1.407139835,84000041,USA,82939.38195,
Oregon,US,2/25/2021,44.572,-122.0709,154062,2194,,,41,3652.717085,3510691,,1.424101985,84000041,USA,83236.36585,
Oregon,US,2/26/2021,44.572,-122.0709,154554,2204,,,41,3664.382108,3526219,,1.426038796,84000041,USA,83604.52537,
Oregon,US,2/27/2021,44.572,-122.0709,154878,2206,,,41,3672.063953,3546317,,1.424346905,84000041,USA,84081.03682,
Oregon,US,2/28/2021,44.572,-122.0709,155315,2208,,,41,3682.424959,3564120,,1.421627016,84000041,USA,84503.13521,
Oregon,US,3/1/2021,44.572,-122.0709,155597,2208,,,41,3689.111009,3564120,,1.419050496,84000041,USA,84503.13521,
Oregon,US,3/2/2021,44.572,-122.0709,155787,2212,,,41,3693.615794,3564120,,1.41988741,84000041,USA,84503.13521,
Oregon,US,3/3/2021,44.572,-122.0709,156037,2225,,,41,3699.543144,3748444,,1.425943847,84000041,USA,88873.34606,
Oregon,US,3/4/2021,44.572,-122.0709,156287,2252,,,41,3705.470493,3760400,,1.440938786,84000041,USA,89156.81561,
Oregon,US,3/5/2021,44.572,-122.0709,156673,2284,,,41,3714.62232,3787438,,1.457813408,84000041,USA,89797.87028,
Oregon,US,3/6/2021,44.572,-122.0709,156884,2293,,,41,3719.625003,3798067,,1.461589455,84000041,USA,90049.87746,
Oregon,US,3/7/2021,44.572,-122.0709,157079,2296,,,41,3724.248335,3798067,,1.461684885,84000041,USA,90049.87746,
Oregon,US,3/8/2021,44.572,-122.0709,157285,2296,,,41,3729.132471,3850973,,1.45977048,84000041,USA,91304.2468,
Oregon,US,3/9/2021,44.572,-122.0709,157515,2298,,,41,3734.585632,3850973,,1.458908675,84000041,USA,91304.2468,
Oregon,US,3/10/2021,44.572,-122.0709,158007,2303,,,41,3746.250655,3850973,,1.457530363,84000041,USA,91304.2468,
Oregon,US,3/11/2021,44.572,-122.0709,158291,2305,,,41,3752.984124,3888228,,1.45617881,84000041,USA,92187.54038,
Oregon,US,3/12/2021,44.572,-122.0709,158644,2316,,,41,3761.353541,3905570,,1.459872419,84000041,USA,92598.70874,
Oregon,US,3/13/2021,44.572,-122.0709,159037,2319,,,41,3770.671334,3922857,,1.458151248,84000041,USA,93008.57308,
Oregon,US,3/14/2021,44.572,-122.0709,159402,2322,,,41,3779.325264,3938818,,1.456694395,84000041,USA,93386.99876,
Oregon,US,3/15/2021,44.572,-122.0709,159617,2322,,,41,3784.422784,3938818,,1.454732265,84000041,USA,93386.99876,
Oregon,US,3/16/2021,44.572,-122.0709,159790,2324,,,41,3788.52451,3938818,,1.454408912,84000041,USA,93386.99876,
Oregon,US,3/17/2021,44.572,-122.0709,160051,2346,,,41,3794.712662,3970707,,1.465782782,84000041,USA,94143.06772,
Oregon,US,3/18/2021,44.572,-122.0709,160288,2349,,,41,3800.331789,3989307,,1.465487123,84000041,USA,94584.0625,
Oregon,US,3/19/2021,44.572,-122.0709,160622,2353,,,41,3808.250728,4003447,,1.464930084,84000041,USA,94919.31337,
Oregon,US,3/20/2021,44.572,-122.0709,160994,2357,,,41,3817.070623,4021248,,1.464029715,84000041,USA,95341.36434,
Oregon,US,3/21/2021,44.572,-122.0709,161320,2362,,,41,3824.799887,4038731,,1.464170593,84000041,USA,95755.87572,
Oregon,US,3/22/2021,44.572,-122.0709,161531,2363,,,41,3829.802569,4038731,,1.462877095,84000041,USA,95755.87572,
Oregon,US,3/23/2021,44.572,-122.0709,161706,2365,,,41,3833.951714,4038731,,1.462530766,84000041,USA,95755.87572,
Oregon,US,3/24/2021,44.572,-122.0709,162016,2367,,,41,3841.301627,4073496,,1.460966818,84000041,USA,96580.1329,
Oregon,US,3/25/2021,44.572,-122.0709,162383,2368,,,41,3850.002976,4085646,,1.458280731,84000041,USA,96868.20207,
Oregon,US,3/26/2021,44.572,-122.0709,162804,2370,,,41,3859.984632,4098594,,1.455738188,84000041,USA,97175.19134,
Oregon,US,3/27/2021,44.572,-122.0709,163294,2373,,,41,3871.602236,4112003,,1.453207099,84000041,USA,97493.11064,
Oregon,US,3/28/2021,44.572,-122.0709,163702,2375,,,41,3881.27567,4132028,,1.450806954,84000041,USA,97967.89131,
Oregon,US,3/29/2021,44.572,-122.0709,163952,2375,,,41,3887.203019,4132028,,1.448594711,84000041,USA,97967.89131,
Oregon,US,3/30/2021,44.572,-122.0709,164164,2375,,,41,3892.229411,4132028,,1.446724008,84000041,USA,97967.89131,
Oregon,US,3/31/2021,44.572,-122.0709,164570,2381,,,41,3901.855426,4165004,,1.446800753,84000041,USA,98749.73238,
Oregon,US,4/1/2021,44.572,-122.0709,165012,2383,,,41,3912.33498,4177932,,1.444137396,84000041,USA,99056.24746,
Oregon,US,4/2/2021,44.572,-122.0709,165524,2385,,,41,3924.474191,4191940,,1.440878664,84000041,USA,99388.36869,
Oregon,US,4/3/2021,44.572,-122.0709,166013,2385,,,41,3936.068086,4209611,,1.43663448,84000041,USA,99807.33744,
Oregon,US,4/4/2021,44.572,-122.0709,166480,2391,,,41,3947.140374,4224745,,1.436208554,84000041,USA,100166.1555,
Oregon,US,4/5/2021,44.572,-122.0709,166882,2392,,,41,3956.671552,4224745,,1.433348114,84000041,USA,100166.1555,
Oregon,US,4/6/2021,44.572,-122.0709,167128,2394,,,41,3962.504063,4224745,,1.43243502,84000041,USA,100166.1555,
Oregon,US,4/7/2021,44.572,-122.0709,167658,2427,,,41,3975.070043,4259223,,1.447589736,84000041,USA,100983.608,
Oregon,US,4/8/2021,44.572,-122.0709,168128,2434,,,41,3986.21346,4273059,,1.447706509,84000041,USA,101311.6512,
Oregon,US,4/9/2021,44.572,-122.0709,168795,2439,,,41,4002.027628,4285327,,1.444948014,84000041,USA,101602.5181,
Oregon,US,4/10/2021,44.572,-122.0709,169338,2440,,,41,4014.90183,4304400,,1.440905172,84000041,USA,102054.7275,
Oregon,US,4/11/2021,44.572,-122.0709,170085,2440,,,41,4032.612749,4319403,,1.434576829,84000041,USA,102410.4395,
Oregon,US,4/12/2021,44.572,-122.0709,170568,2440,,,41,4044.064388,4319403,,1.430514516,84000041,USA,102410.4395,
Oregon,US,4/13/2021,44.572,-122.0709,170850,2441,,,41,4050.750438,4319403,,1.42873866,84000041,USA,102410.4395,
Oregon,US,4/14/2021,44.572,-122.0709,171398,2446,,,41,4063.743187,4362500,,1.427087831,84000041,USA,103432.2434,
Oregon,US,4/15/2021,44.572,-122.0709,172206,2449,,,41,4082.90038,4374670,,1.422133956,84000041,USA,103720.7868,
Oregon,US,4/16/2021,44.572,-122.0709,172931,2455,,,41,4100.089693,4388954,,1.41964136,84000041,USA,104059.4518,
Oregon,US,4/17/2021,44.572,-122.0709,173626,2457,,,41,4116.567723,4411902,,1.41511064,84000041,USA,104603.535,
Oregon,US,4/18/2021,44.572,-122.0709,174501,2460,,,41,4137.313446,4432293,,1.409734042,84000041,USA,105086.9933,
Oregon,US,4/19/2021,44.572,-122.0709,175121,2460,,,41,4152.013272,4432293,,1.404743006,84000041,USA,105086.9933,
Oregon,US,4/20/2021,44.572,-122.0709,175592,2460,,,41,4163.180397,4432293,,1.400974987,84000041,USA,105086.9933,
Oregon,US,4/21/2021,44.572,-122.0709,176157,2461,,,41,4176.576207,4483745,,1.397049223,84000041,USA,106306.8892,
Oregon,US,4/22/2021,44.572,-122.0709,177134,2467,,,41,4199.740287,4493610,,1.392730927,84000041,USA,106540.7824,
Oregon,US,4/23/2021,44.572,-122.0709,178110,2468,,,41,4222.880659,4526448,,1.385660547,84000041,USA,107319.3516,
Oregon,US,4/24/2021,44.572,-122.0709,179120,2477,,,41,4246.827149,4560294,,1.382871818,84000041,USA,108121.8198,
Oregon,US,4/25/2021,44.572,-122.0709,179930,2484,,,41,4266.031761,4578322,,1.380536875,84000041,USA,108549.2528,
Oregon,US,4/26/2021,44.572,-122.0709,180700,2485,,,41,4284.287996,4578322,,1.375207526,84000041,USA,108549.2528,
Oregon,US,4/27/2021,44.572,-122.0709,181321,2486,,,41,4299.011532,4578322,,1.371049134,84000041,USA,108549.2528,
Oregon,US,4/28/2021,44.572,-122.0709,182040,2488,,,41,4316.058588,4618728,,1.366732586,84000041,USA,109507.2547,
Oregon,US,4/29/2021,44.572,-122.0709,182916,2490,,,41,4336.828019,4633569,,1.361280588,84000041,USA,109859.1259,
Oregon,US,4/30/2021,44.572,-122.0709,183830,2491,,,41,4358.498408,4650812,,1.355056302,84000041,USA,110267.947,
Oregon,US,5/1/2021,44.572,-122.0709,184812,2495,,,41,4381.781036,4670151,,1.350020561,84000041,USA,110726.463,
Oregon,US,5/2/2021,44.572,-122.0709,185597,2498,,,41,4400.392912,4688860,,1.345926928,84000041,USA,111170.0421,
Oregon,US,5/3/2021,44.572,-122.0709,186344,2501,,,41,4418.103832,4688860,,1.342141416,84000041,USA,111170.0421,
Oregon,US,5/4/2021,44.572,-122.0709,186878,2502,,,41,4430.764649,4688860,,1.338841383,84000041,USA,111170.0421,
Oregon,US,5/5/2021,44.572,-122.0709,187611,2508,,,41,4448.143637,4728338,,1.336808609,84000041,USA,112106.0417,
Oregon,US,5/6/2021,44.572,-122.0709,188417,2509,,,41,4467.253411,4743531,,1.33162082,84000041,USA,112466.2586,
Oregon,US,5/7/2021,44.572,-122.0709,189162,2514,,,41,4484.916912,4760552,,1.329019571,84000041,USA,112869.8162,
Oregon,US,5/8/2021,44.572,-122.0709,189986,2522,,,41,4504.453455,4776122,,1.327466234,84000041,USA,113238.9715,
Oregon,US,5/9/2021,44.572,-122.0709,190804,2528,,,41,4523.847741,4798681,,1.324919813,84000041,USA,113773.8318,
Oregon,US,5/10/2021,44.572,-122.0709,191405,2530,,,41,4538.097089,4798681,,1.321804551,84000041,USA,113773.8318,
Oregon,US,5/11/2021,44.572,-122.0709,191774,2533,,,41,4546.845856,4798681,,1.320825555,84000041,USA,113773.8318,
Oregon,US,5/12/2021,44.572,-122.0709,192416,2549,,,41,4562.067289,4838345,,1.32473391,84000041,USA,114714.2413,
Oregon,US,5/13/2021,44.572,-122.0709,193014,2560,,,41,4576.245508,4851066,,1.32632866,84000041,USA,115015.8485,
Oregon,US,5/14/2021,44.572,-122.0709,193732,2572,,,41,4593.268855,4867070,,1.32760721,84000041,USA,115395.2937,
Oregon,US,5/15/2021,44.572,-122.0709,194542,2582,,,41,4612.473466,4884663,,1.327219829,84000041,USA,115812.4131,
Oregon,US,5/16/2021,44.572,-122.0709,195179,2585,,,41,4627.576352,4901179,,1.324425271,84000041,USA,116203.9975,
Oregon,US,5/17/2021,44.572,-122.0709,195684,2587,,,41,4639.549597,4901179,,1.322029394,84000041,USA,116203.9975,
Oregon,US,5/18/2021,44.572,-122.0709,195884,2590,,,41,4644.291477,4901179,,1.322211105,84000041,USA,116203.9975,
Oregon,US,5/19/2021,44.572,-122.0709,196392,2594,,,41,4656.33585,4942143,,1.320827732,84000041,USA,117175.2293,
Oregon,US,5/20/2021,44.572,-122.0709,196788,2601,,,41,4665.724771,4957229,,1.321726935,84000041,USA,117532.9092,
Oregon,US,5/21/2021,44.572,-122.0709,197356,2606,,,41,4679.191709,4968594,,1.320456434,84000041,USA,117802.3665,
Oregon,US,5/22/2021,44.572,-122.0709,197851,2613,,,41,4690.92786,4987751,,1.320690823,84000041,USA,118256.5674,
Oregon,US,5/23/2021,44.572,-122.0709,198356,2618,,,41,4702.901105,5005968,,1.31984916,84000041,USA,118688.4815,
Oregon,US,5/24/2021,44.572,-122.0709,198689,2622,,,41,4710.796335,5005968,,1.319650308,84000041,USA,118688.4815,
Oregon,US,5/25/2021,44.572,-122.0709,198972,2624,,,41,4717.506094,5005968,,1.318778522,84000041,USA,118688.4815,
Oregon,US,5/26/2021,44.572,-122.0709,199391,2628,,,41,4727.440331,5053617,,1.318013351,84000041,USA,119818.2106,
Oregon,US,5/27/2021,44.572,-122.0709,199784,2639,,,41,4736.758124,5071236,,1.320926601,84000041,USA,120235.9464,
Oregon,US,5/28/2021,44.572,-122.0709,200210,2660,,,41,4746.858327,5084865,,1.328604965,84000041,USA,120559.0818,
Oregon,US,5/29/2021,44.572,-122.0709,200632,2665,,,41,4756.863693,5098280,,1.328302564,84000041,USA,120877.1434,
Oregon,US,5/30/2021,44.572,-122.0709,201005,2666,,,41,4765.707298,5113007,,1.326335166,84000041,USA,121226.3116,
Oregon,US,5/31/2021,44.572,-122.0709,201260,2668,,,41,4771.753194,5113007,,1.325648415,84000041,USA,121226.3116,
Oregon,US,6/1/2021,44.572,-122.0709,201475,2671,,,41,4776.850714,5113007,,1.325722794,84000041,USA,121226.3116,
Oregon,US,6/2/2021,44.572,-122.0709,201650,2674,,,41,4780.999858,5113007,,1.326060005,84000041,USA,121226.3116,
Oregon,US,6/3/2021,44.572,-122.0709,201998,2676,,,41,4789.250729,5148566,,1.324765592,84000041,USA,122069.3941,
Oregon,US,6/4/2021,44.572,-122.0709,202247,2683,,,41,4795.154368,5157272,,1.326595697,84000041,USA,122275.8081,
Oregon,US,6/5/2021,44.572,-122.0709,202680,2686,,,41,4805.420537,5171718,,1.32524176,84000041,USA,122618.314,
Oregon,US,6/6/2021,44.572,-122.0709,202995,2691,,,41,4812.888997,5184834,,1.325648415,84000041,USA,122929.2865,
Oregon,US,6/7/2021,44.572,-122.0709,203252,2694,,,41,4818.982312,5184834,,1.325448212,84000041,USA,122929.2865,
Oregon,US,6/8/2021,44.572,-122.0709,203374,2694,,,41,4821.874858,5184834,,1.324653102,84000041,USA,122929.2865,
Oregon,US,6/9/2021,44.572,-122.0709,203671,2700,,,41,4828.916549,5213640,,1.325667375,84000041,USA,123612.2594,
Oregon,US,6/10/2021,44.572,-122.0709,203933,2716,,,41,4835.128411,5226007,,1.331809957,84000041,USA,123905.4735,
Oregon,US,6/11/2021,44.572,-122.0709,204291,2726,,,41,4843.616375,5237259,,1.334371069,84000041,USA,124172.2516,
Oregon,US,6/12/2021,44.572,-122.0709,204587,2726,,,41,4850.634357,5250011,,1.332440478,84000041,USA,124474.5938,
Oregon,US,6/13/2021,44.572,-122.0709,204866,2729,,,41,4857.249278,5242201,,1.332090244,84000041,USA,124289.4235,
Oregon,US,6/14/2021,44.572,-122.0709,205030,2730,,,41,4861.13762,5242201,,1.331512462,84000041,USA,124289.4235,
Oregon,US,6/15/2021,44.572,-122.0709,205154,2730,,,41,4864.077585,5242201,,1.330707664,84000041,USA,124289.4235,
Oregon,US,6/16/2021,44.572,-122.0709,205459,2737,,,41,4871.308951,5268017,,1.332139259,84000041,USA,124901.5052,
Oregon,US,6/17/2021,44.572,-122.0709,205698,2744,,,41,4876.975497,5278118,,1.333994497,84000041,USA,125140.9939,
Oregon,US,6/18/2021,44.572,-122.0709,205988,2745,,,41,4883.851222,5288743,,1.332601899,84000041,USA,125392.9062,
Oregon,US,6/19/2021,44.572,-122.0709,206299,2750,,,41,4891.224844,5300695,,1.333016641,84000041,USA,125676.2809,
Oregon,US,6/20/2021,44.572,-122.0709,206581,2753,,,41,4897.910894,5311756,,1.332649179,84000041,USA,125938.5305,
Oregon,US,6/21/2021,44.572,-122.0709,206777,2754,,,41,4902.557936,5311756,,1.331869599,84000041,USA,125938.5305,
Oregon,US,6/22/2021,44.572,-122.0709,206851,2756,,,41,4904.312431,5311756,,1.332360008,84000041,USA,125938.5305,
Oregon,US,6/23/2021,44.572,-122.0709,207106,2757,,,41,4910.358327,5336048,,1.331202379,84000041,USA,126514.4792,
Oregon,US,6/24/2021,44.572,-122.0709,207333,2759,,,41,4915.74036,5345089,,1.330709535,84000041,USA,126728.8359,
Oregon,US,6/25/2021,44.572,-122.0709,207558,2760,,,41,4921.074975,5355263,,1.329748793,84000041,USA,126970.0553,
Oregon,US,6/26/2021,44.572,-122.0709,207787,2761,,,41,4926.504426,5364484,,1.328764552,84000041,USA,127188.6796,
Oregon,US,6/27/2021,44.572,-122.0709,207999,2763,,,41,4931.530819,5373773,,1.328371771,84000041,USA,127408.9162,
Oregon,US,6/28/2021,44.572,-122.0709,208137,2763,,,41,4934.802715,5373773,,1.327491028,84000041,USA,127408.9162,
Oregon,US,6/29/2021,44.572,-122.0709,208222,2763,,,41,4936.818014,5373773,,1.326949122,84000041,USA,127408.9162,
Oregon,US,6/30/2021,44.572,-122.0709,208446,2770,,,41,4942.128919,5396833,,1.328881341,84000041,USA,127955.6549,
Oregon,US,7/1/2021,44.572,-122.0709,208640,2774,,,41,4946.728542,5405284,,1.329562883,84000041,USA,128156.023,
Oregon,US,7/2/2021,44.572,-122.0709,208836,2778,,,41,4951.375584,5420693,,1.33023042,84000041,USA,128521.3611,
Oregon,US,7/3/2021,44.572,-122.0709,209037,2781,,,41,4956.141172,5430266,,1.330386487,84000041,USA,128748.3312,
Oregon,US,7/4/2021,44.572,-122.0709,209037,2781,,,41,4956.141172,5439057,,1.330386487,84000041,USA,128956.7605,
Oregon,US,7/5/2021,44.572,-122.0709,209037,2781,,,41,4956.141172,5439057,,1.330386487,84000041,USA,128956.7605,
Oregon,US,7/6/2021,44.572,-122.0709,209037,2781,,,41,4956.141172,5439057,,1.330386487,84000041,USA,128956.7605,
Oregon,US,7/7/2021,44.572,-122.0709,209494,2782,,,41,4966.976367,5439057,,1.32796166,84000041,USA,128956.7605,
Oregon,US,7/8/2021,44.572,-122.0709,209764,2788,,,41,4973.377904,5464523,,1.329112717,84000041,USA,129560.544,
Oregon,US,7/9/2021,44.572,-122.0709,209974,2790,,,41,4978.356877,5471841,,1.328735939,84000041,USA,129734.0493,
Oregon,US,7/10/2021,44.572,-122.0709,210230,2792,,,41,4984.426483,5482200,,1.328069257,84000041,USA,129979.655,
Oregon,US,7/11/2021,44.572,-122.0709,210230,2792,,,41,4984.426483,5492007,,1.328069257,84000041,USA,130212.173,
Oregon,US,7/12/2021,44.572,-122.0709,210230,2792,,,41,4984.426483,5492007,,1.328069257,84000041,USA,130212.173,
Oregon,US,7/13/2021,44.572,-122.0709,210729,2797,,,41,4996.257472,5492007,,1.327297145,84000041,USA,130212.173,
Oregon,US,7/14/2021,44.572,-122.0709,211065,2800,,,41,5004.223829,5513737,,1.326605548,84000041,USA,130727.3782,
Oregon,US,7/15/2021,44.572,-122.0709,211315,2803,,,41,5010.151178,5524144,,1.326455765,84000041,USA,130974.1219,
Oregon,US,7/16/2021,44.572,-122.0709,211631,2810,,,41,5017.643348,5532930,,1.327782792,84000041,USA,131182.4327,
Oregon,US,7/17/2021,44.572,-122.0709,211998,2817,,,41,5026.344696,5542798,,1.328786121,84000041,USA,131416.397,
Oregon,US,7/18/2021,44.572,-122.0709,211998,2817,,,41,5026.344696,5551429,,1.328786121,84000041,USA,131621.0328,
Oregon,US,7/19/2021,44.572,-122.0709,211998,2817,,,41,5026.344696,5551429,,1.328786121,84000041,USA,131621.0328,
Oregon,US,7/20/2021,44.572,-122.0709,212755,2826,,,41,5044.29271,5551429,,1.328288407,84000041,USA,131621.0328,
Oregon,US,7/21/2021,44.572,-122.0709,213339,2832,,,41,5058.138997,5575849,,1.327464739,84000041,USA,132200.0163,
Oregon,US,7/22/2021,44.572,-122.0709,213730,2833,,,41,5067.409371,5585730,,1.325504141,84000041,USA,132434.2888,
Oregon,US,7/23/2021,44.572,-122.0709,214263,2834,,,41,5080.04648,5595084,,1.322673537,84000041,USA,132656.0665,
Oregon,US,7/24/2021,44.572,-122.0709,214869,2836,,,41,5094.414374,5607291,,1.31987397,84000041,USA,132945.4871,
Oregon,US,7/25/2021,44.572,-122.0709,214869,2836,,,41,5094.414374,5624307,,1.31987397,84000041,USA,133348.9262,
Oregon,US,7/26/2021,44.572,-122.0709,214869,2836,,,41,5094.414374,5624307,,1.31987397,84000041,USA,133348.9262,
Oregon,US,7/27/2021,44.572,-122.0709,215853,2838,,,41,5117.744421,5624307,,1.314783672,84000041,USA,133348.9262,
Oregon,US,7/28/2021,44.572,-122.0709,216875,2843,,,41,5141.975424,5652262,,1.310893372,84000041,USA,134011.7224,
Oregon,US,7/29/2021,44.572,-122.0709,217690,2849,,,41,5161.298583,5664582,,1.308741789,84000041,USA,134303.8222,
Oregon,US,7/30/2021,44.572,-122.0709,218689,2855,,,41,5184.98427,5676409,,1.305506907,84000041,USA,134584.2332,
Oregon,US,7/31/2021,44.572,-122.0709,219755,2858,,,41,5210.258487,5689339,,1.300539237,84000041,USA,134890.7957,
Oregon,US,8/1/2021,44.572,-122.0709,219755,2858,,,41,5210.258487,5702468,,1.300539237,84000041,USA,135202.0764,
Oregon,US,8/2/2021,44.572,-122.0709,219755,2858,,,41,5210.258487,5702468,,1.300539237,84000041,USA,135202.0764,
Oregon,US,8/3/2021,44.572,-122.0709,221799,2863,,,41,5258.720494,5702468,,1.290808344,84000041,USA,135202.0764,
Oregon,US,8/4/2021,44.572,-122.0709,223364,2872,,,41,5295.8257,5740690,,1.285793593,84000041,USA,136108.2969,
Oregon,US,8/5/2021,44.572,-122.0709,224547,2877,,,41,5323.873916,5752138,,1.281246242,84000041,USA,136379.7221,
Oregon,US,8/6/2021,44.572,-122.0709,225919,2885,,,41,5356.403209,5752923,,1.277006361,84000041,USA,136398.334,
Oregon,US,8/7/2021,44.572,-122.0709,226899,2889,,,41,5379.638417,5771922,,1.273253738,84000041,USA,136848.7888,
Oregon,US,8/8/2021,44.572,-122.0709,226899,2889,,,41,5379.638417,5787925,,1.273253738,84000041,USA,137228.2103,
Oregon,US,8/9/2021,44.572,-122.0709,226899,2889,,,41,5379.638417,5787925,,1.273253738,84000041,USA,137228.2103,
Oregon,US,8/10/2021,44.572,-122.0709,230103,2903,,,41,5455.603325,5787925,,1.261608932,84000041,USA,137228.2103,
Oregon,US,8/11/2021,44.572,-122.0709,232436,2912,,,41,5510.917347,5849404,,1.25281798,84000041,USA,138685.8403,
Oregon,US,8/12/2021,44.572,-122.0709,234393,2920,,,41,5557.316637,5859488,,1.245770991,84000041,USA,138924.9259,
Oregon,US,8/13/2021,44.572,-122.0709,236698,2928,,,41,5611.966796,5878405,,1.237019324,84000041,USA,139373.4365,
Oregon,US,8/14/2021,44.572,-122.0709,238463,2935,,,41,5653.813882,5900175,,1.230798908,84000041,USA,139889.5901,
Oregon,US,8/15/2021,44.572,-122.0709,238463,2935,,,41,5653.813882,5925733,,1.230798908,84000041,USA,140495.5548,
Oregon,US,8/16/2021,44.572,-122.0709,238463,2935,,,41,5653.813882,5925733,,1.230798908,84000041,USA,140495.5548,
Oregon,US,8/17/2021,44.572,-122.0709,242843,2949,,,41,5757.66104,5925733,,1.214364837,84000041,USA,140495.5548,
Oregon,US,8/18/2021,44.572,-122.0709,245758,2964,,,41,5826.773931,5925733,,1.206064502,84000041,USA,140495.5548,
Oregon,US,8/19/2021,44.572,-122.0709,247866,2975,,,41,5876.75334,6001700,,1.200245294,84000041,USA,142296.6866,
Oregon,US,8/20/2021,44.572,-122.0709,250835,2994,,,41,5947.146539,6022719,,1.193613331,84000041,USA,142795.0344,
Oregon,US,8/21/2021,44.572,-122.0709,252977,3012,,,41,5997.932066,6046852,,1.190622072,84000041,USA,143367.2133,
Oregon,US,8/22/2021,44.572,-122.0709,252977,3012,,,41,5997.932066,6073536,,1.190622072,84000041,USA,143999.8748,
Oregon,US,8/23/2021,44.572,-122.0709,252977,3012,,,41,5997.932066,6073536,,1.190622072,84000041,USA,143999.8748,
Oregon,US,8/24/2021,44.572,-122.0709,257644,3036,,,41,6108.583821,6073536,,1.178370154,84000041,USA,143999.8748,
Oregon,US,8/25/2021,44.572,-122.0709,260425,3066,,,41,6174.519654,6131266,,1.177306326,84000041,USA,145368.6183,
Oregon,US,8/26/2021,44.572,-122.0709,263164,3086,,,41,6239.459691,6152118,,1.172652794,84000041,USA,145863.0066,
Oregon,US,8/27/2021,44.572,-122.0709,265210,3095,,,41,6287.969117,6176688,,1.166999736,84000041,USA,146445.5465,
Oregon,US,8/28/2021,44.572,-122.0709,268401,3115,,,41,6363.625802,6196414,,1.160576898,84000041,USA,146913.2381,
Oregon,US,8/29/2021,44.572,-122.0709,268401,3115,,,41,6363.625802,6227955,,1.160576898,84000041,USA,147661.0562,
Oregon,US,8/30/2021,44.572,-122.0709,268401,3115,,,41,6363.625802,6227955,,1.160576898,84000041,USA,147661.0562,
Oregon,US,8/31/2021,44.572,-122.0709,273896,3155,,,41,6493.908937,6227955,,1.15189707,84000041,USA,147661.0562,
Oregon,US,9/1/2021,44.572,-122.0709,276287,3198,,,41,6550.598105,6292337,,1.157492028,84000041,USA,149187.5145,
Oregon,US,9/2/2021,44.572,-122.0709,279087,3221,,,41,6616.984416,6316356,,1.1541204,84000041,USA,149756.9905,
Oregon,US,9/3/2021,44.572,-122.0709,281513,3248,,,41,6674.503413,6342604,,1.153765545,84000041,USA,150379.3148,
Oregon,US,9/4/2021,44.572,-122.0709,283873,3272,,,41,6730.457589,6366751,,1.152628112,84000041,USA,150951.8256,
Oregon,US,9/5/2021,44.572,-122.0709,283873,3272,,,41,6730.457589,6396417,,1.152628112,84000041,USA,151655.1886,
Oregon,US,9/6/2021,44.572,-122.0709,283873,3272,,,41,6730.457589,6396417,,1.152628112,84000041,USA,151655.1886,
Oregon,US,9/7/2021,44.572,-122.0709,283873,3272,,,41,6730.457589,6396417,,1.152628112,84000041,USA,151655.1886,
Oregon,US,9/8/2021,44.572,-122.0709,289388,3312,,,41,6861.214912,6396417,,1.144484222,84000041,USA,151655.1886,
Oregon,US,9/9/2021,44.572,-122.0709,291978,3373,,,41,6922.62225,6467176,,1.155224024,84000041,USA,153332.8418,
Oregon,US,9/10/2021,44.572,-122.0709,294392,3394,,,41,6979.856734,6485993,,1.152884589,84000041,USA,153778.9815,
Oregon,US,9/11/2021,44.572,-122.0709,296825,3414,,,41,7037.541696,6508180,,1.150172661,84000041,USA,154305.0219,
Oregon,US,9/12/2021,44.572,-122.0709,296825,3414,,,41,7037.541696,6531675,,1.150172661,84000041,USA,154862.0741,
Oregon,US,9/13/2021,44.572,-122.0709,296825,3414,,,41,7037.541696,6531675,,1.150172661,84000041,USA,154862.0741,
Oregon,US,9/14/2021,44.572,-122.0709,301504,3446,,,41,7148.477963,6531675,,1.142936744,84000041,USA,154862.0741,
Oregon,US,9/15/2021,44.572,-122.0709,303532,3490,,,41,7196.56062,6586338,,1.149796397,84000041,USA,156158.1009,
Oregon,US,9/16/2021,44.572,-122.0709,305560,3536,,,41,7244.643277,6605754,,1.157219531,84000041,USA,156618.4425,
Oregon,US,9/17/2021,44.572,-122.0709,307768,3547,,,41,7296.993625,6627408,,1.152491487,84000041,USA,157131.8458,
Oregon,US,9/18/2021,44.572,-122.0709,309841,3569,,,41,7346.143204,6651426,,1.151881126,84000041,USA,157701.2981,
Oregon,US,9/19/2021,44.572,-122.0709,309841,3569,,,41,7346.143204,6676294,,1.151881126,84000041,USA,158290.9034,
Oregon,US,9/20/2021,44.572,-122.0709,309841,3569,,,41,7346.143204,6676294,,1.151881126,84000041,USA,158290.9034,
Oregon,US,9/21/2021,44.572,-122.0709,313161,3594,,,41,7424.858402,6676294,,1.147652485,84000041,USA,158290.9034,
Oregon,US,9/22/2021,44.572,-122.0709,314841,3624,,,41,7464.690188,6728407,,1.1510572,84000041,USA,159526.4712,
Oregon,US,9/23/2021,44.572,-122.0709,317107,3650,,,41,7518.415681,6747666,,1.15103104,84000041,USA,159983.0905,
Oregon,US,9/24/2021,44.572,-122.0709,318914,3661,,,41,7561.258561,6777457,,1.147958384,84000041,USA,160689.4171,
Oregon,US,9/25/2021,44.572,-122.0709,320990,3682,,,41,7610.479269,6804864,,1.147076233,84000041,USA,161339.2205,
Oregon,US,9/26/2021,44.572,-122.0709,320990,3682,,,41,7610.479269,6832321,,1.147076233,84000041,USA,161990.2094,
Oregon,US,9/27/2021,44.572,-122.0709,320990,3682,,,41,7610.479269,6832321,,1.147076233,84000041,USA,161990.2094,
Oregon,US,9/28/2021,44.572,-122.0709,324571,3709,,,41,7695.382619,6832321,,1.142739185,84000041,USA,161990.2094,
Oregon,US,9/29/2021,44.572,-122.0709,326191,3750,,,41,7733.791841,6885737,,1.14963319,84000041,USA,163256.6706,
Oregon,US,9/30/2021,44.572,-122.0709,328184,3771,,,41,7781.044669,6904864,,1.149050533,84000041,USA,163710.1602,
Oregon,US,10/1/2021,44.572,-122.0709,330054,3791,,,41,7825.381241,6932575,,1.148599926,84000041,USA,164367.1713,
Oregon,US,10/2/2021,44.572,-122.0709,331709,3815,,,41,7864.620293,6959207,,1.150104459,84000041,USA,164998.6,
Oregon,US,10/3/2021,44.572,-122.0709,331709,3815,,,41,7864.620293,6986109,,1.150104459,84000041,USA,165636.4302,
Oregon,US,10/4/2021,44.572,-122.0709,331709,3815,,,41,7864.620293,6986109,,1.150104459,84000041,USA,165636.4302,
Oregon,US,10/5/2021,44.572,-122.0709,334971,3823,,,41,7941.960345,6986109,,1.141292828,84000041,USA,165636.4302,
Oregon,US,10/6/2021,44.572,-122.0709,336598,3867,,,41,7980.535534,7039768,,1.148848181,84000041,USA,166908.6527,
Oregon,US,10/7/2021,44.572,-122.0709,338130,3900,,,41,8016.858329,7058175,,1.153402537,84000041,USA,167345.0715,
Oregon,US,10/8/2021,44.572,-122.0709,339556,3959,,,41,8050.667929,7080181,,1.165934338,84000041,USA,167866.8205,
Oregon,US,10/9/2021,44.572,-122.0709,341113,3982,,,41,8087.58346,7104238,,1.167355099,84000041,USA,168437.1975,
Oregon,US,10/10/2021,44.572,-122.0709,341113,3982,,,41,8087.58346,7129801,,1.167355099,84000041,USA,169043.2808,
Oregon,US,10/11/2021,44.572,-122.0709,341113,3982,,,41,8087.58346,7129801,,1.167355099,84000041,USA,169043.2808,
Oregon,US,10/12/2021,44.572,-122.0709,343993,4002,,,41,8155.866523,7129801,,1.163395767,84000041,USA,169043.2808,
Oregon,US,10/13/2021,44.572,-122.0709,345344,4084,,,41,8187.897918,7178765,,1.182588955,84000041,USA,170204.1877,
Oregon,US,10/14/2021,44.572,-122.0709,346480,4117,,,41,8214.831792,7197603,,1.188235973,84000041,USA,170650.8253,
Oregon,US,10/15/2021,44.572,-122.0709,347717,4141,,,41,8244.160316,7218744,,1.190910999,84000041,USA,171152.0657,
Oregon,US,10/16/2021,44.572,-122.0709,348766,4161,,,41,8269.031474,7237106,,1.193063544,84000041,USA,171587.4176,
Oregon,US,10/17/2021,44.572,-122.0709,348766,4161,,,41,8269.031474,7256444,,1.193063544,84000041,USA,172045.9099,
Oregon,US,10/18/2021,44.572,-122.0709,348766,4161,,,41,8269.031474,7256444,,1.193063544,84000041,USA,172045.9099,
Oregon,US,10/19/2021,44.572,-122.0709,352026,4185,,,41,8346.324107,7256444,,1.188832643,84000041,USA,172045.9099,
Oregon,US,10/20/2021,44.572,-122.0709,353368,4226,,,41,8378.142117,7317929,,1.1959204,84000041,USA,173503.6822,
Oregon,US,10/21/2021,44.572,-122.0709,354681,4235,,,41,8409.272555,7336579,,1.194030692,84000041,USA,173945.8624,
Oregon,US,10/22/2021,44.572,-122.0709,356061,4275,,,41,8441.991523,7357306,,1.20063697,84000041,USA,174437.2871,
Oregon,US,10/23/2021,44.572,-122.0709,357526,4284,,,41,8476.725789,7382209,,1.198234534,84000041,USA,175027.7222,
Oregon,US,10/24/2021,44.572,-122.0709,357526,4284,,,41,8476.725789,7404714,,1.198234534,84000041,USA,175561.3022,
Oregon,US,10/25/2021,44.572,-122.0709,357526,4284,,,41,8476.725789,7404714,,1.198234534,84000041,USA,175561.3022,
Oregon,US,10/26/2021,44.572,-122.0709,359733,4295,,,41,8529.052428,7404714,,1.193941062,84000041,USA,175561.3022,
Oregon,US,10/27/2021,44.572,-122.0709,361240,4318,,,41,8564.782489,7457198,,1.195327206,84000041,USA,176805.6662,
Oregon,US,10/28/2021,44.572,-122.0709,362561,4334,,,41,8596.102602,7475168,,1.195385052,84000041,USA,177231.724,
Oregon,US,10/29/2021,44.572,-122.0709,363684,4358,,,41,8622.728255,7493984,,1.198293024,84000041,USA,177677.84,
Oregon,US,10/30/2021,44.572,-122.0709,365053,4372,,,41,8655.186419,7509005,,1.197634316,84000041,USA,178033.9789,
Oregon,US,10/31/2021,44.572,-122.0709,365053,4372,,,41,8655.186419,7536934,,1.197634316,84000041,USA,178696.1586,
Oregon,US,11/1/2021,44.572,-122.0709,365053,4372,,,41,8655.186419,7536934,,1.197634316,84000041,USA,178696.1586,
Oregon,US,11/2/2021,44.572,-122.0709,367610,4377,,,41,8715.811346,7536934,,1.190664019,84000041,USA,178696.1586,
Oregon,US,11/3/2021,44.572,-122.0709,368696,4405,,,41,8741.559751,7586350,,1.194751231,84000041,USA,179867.7822,
Oregon,US,11/4/2021,44.572,-122.0709,369815,4469,,,41,8768.090566,7603852,,1.208442059,84000041,USA,180282.744,
Oregon,US,11/5/2021,44.572,-122.0709,371001,4543,,,41,8796.209911,7622405,,1.224525001,84000041,USA,180722.6245,
Oregon,US,11/6/2021,44.572,-122.0709,372137,4562,,,41,8823.143785,7622405,,1.225892615,84000041,USA,180722.6245,
Oregon,US,11/7/2021,44.572,-122.0709,372137,4562,,,41,8823.143785,7668268,,1.225892615,84000041,USA,181810.0085,
Oregon,US,11/8/2021,44.572,-122.0709,372137,4562,,,41,8823.143785,7668268,,1.225892615,84000041,USA,181810.0085,
Oregon,US,11/9/2021,44.572,-122.0709,374253,4620,,,41,8873.312869,7668268,,1.234459042,84000041,USA,181810.0085,
Oregon,US,11/10/2021,44.572,-122.0709,375357,4655,,,41,8899.488043,7720712,,1.240152708,84000041,USA,183053.4241,
Oregon,US,11/11/2021,44.572,-122.0709,376372,4730,,,41,8923.553081,7738456,,1.256735358,84000041,USA,183474.1237,
Oregon,US,11/12/2021,44.572,-122.0709,376372,4730,,,41,8923.553081,7755556,,1.256735358,84000041,USA,183879.5544,
Oregon,US,11/13/2021,44.572,-122.0709,378174,4750,,,41,8966.277414,7755556,,1.256035582,84000041,USA,183879.5544,
Oregon,US,11/14/2021,44.572,-122.0709,378174,4750,,,41,8966.277414,7798819,,1.256035582,84000041,USA,184905.294,
Oregon,US,11/15/2021,44.572,-122.0709,378174,4750,,,41,8966.277414,7798819,,1.256035582,84000041,USA,184905.294,
Oregon,US,11/16/2021,44.572,-122.0709,380091,4803,,,41,9011.728327,7798819,,1.263644759,84000041,USA,184905.294,
Oregon,US,11/17/2021,44.572,-122.0709,380866,4855,,,41,9030.10311,7823180,,1.274726544,84000041,USA,185482.8786,
Oregon,US,11/18/2021,44.572,-122.0709,381842,4873,,,41,9053.243481,7858057,,1.276182295,84000041,USA,186309.7912,
Oregon,US,11/19/2021,44.572,-122.0709,382990,4886,,,41,9080.461869,7874829,,1.275751325,84000041,USA,186707.4452,
Oregon,US,11/20/2021,44.572,-122.0709,384062,4914,,,41,9105.878342,7903749,,1.279480917,84000041,USA,187393.121,
Oregon,US,11/21/2021,44.572,-122.0709,384062,4914,,,41,9105.878342,7918688,,1.279480917,84000041,USA,187747.3157,
Oregon,US,11/22/2021,44.572,-122.0709,384062,4914,,,41,9105.878342,7918688,,1.279480917,84000041,USA,187747.3157,
Oregon,US,11/23/2021,44.572,-122.0709,385790,5017,,,41,9146.848179,7918688,,1.30044843,84000041,USA,187747.3157,
Oregon,US,11/24/2021,44.572,-122.0709,386634,5066,,,41,9166.85891,7964473,,1.31028311,84000041,USA,188832.8504,
Oregon,US,11/25/2021,44.572,-122.0709,387485,5116,,,41,9187.035607,7980487,,1.320309173,84000041,USA,189212.5327,
Oregon,US,11/26/2021,44.572,-122.0709,387485,5116,,,41,9187.035607,7999847,,1.320309173,84000041,USA,189671.5466,
Oregon,US,11/27/2021,44.572,-122.0709,387485,5116,,,41,9187.035607,7999847,,1.320309173,84000041,USA,189671.5466,
Oregon,US,11/28/2021,44.572,-122.0709,387485,5116,,,41,9187.035607,7999847,,1.320309173,84000041,USA,189671.5466,
Oregon,US,11/29/2021,44.572,-122.0709,387485,5116,,,41,9187.035607,7999847,,1.320309173,84000041,USA,189671.5466,
Oregon,US,11/30/2021,44.572,-122.0709,390066,5142,,,41,9248.22956,7999847,,1.318238452,84000041,USA,189671.5466,
Oregon,US,12/1/2021,44.572,-122.0709,391099,5161,,,41,9272.721367,8059253,,1.319614727,84000041,USA,191080.027,
Oregon,US,12/2/2021,44.572,-122.0709,392197,5186,,,41,9298.754285,8076793,,1.322294663,84000041,USA,191495.8899,
Oregon,US,12/3/2021,44.572,-122.0709,393232,5228,,,41,9323.29351,8094666,,1.329495056,84000041,USA,191919.6479,
Oregon,US,12/4/2021,44.572,-122.0709,394569,5243,,,41,9354.992974,8118300,,1.328791669,84000041,USA,192479.9958,
Oregon,US,12/5/2021,44.572,-122.0709,394569,5243,,,41,9354.992974,8142192,,1.328791669,84000041,USA,193046.4607,
Oregon,US,12/6/2021,44.572,-122.0709,394569,5243,,,41,9354.992974,8142192,,1.328791669,84000041,USA,193046.4607,
Oregon,US,12/7/2021,44.572,-122.0709,396501,5268,,,41,9400.799528,8142192,,1.328622122,84000041,USA,193046.4607,
Oregon,US,12/8/2021,44.572,-122.0709,397421,5299,,,41,9422.612173,8196154,,1.333346753,84000041,USA,194325.8672,
Oregon,US,12/9/2021,44.572,-122.0709,398262,5318,,,41,9442.551776,8215480,,1.335301887,84000041,USA,194784.075,
Oregon,US,12/10/2021,44.572,-122.0709,399361,5356,,,41,9468.608403,8232179,,1.341142475,84000041,USA,195179.9982,
Oregon,US,12/11/2021,44.572,-122.0709,400188,5381,,,41,9488.216074,8254789,,1.34461803,84000041,USA,195716.0676,
Oregon,US,12/12/2021,44.572,-122.0709,400188,5381,,,41,9488.216074,8277839,,1.34461803,84000041,USA,196262.5692,
Oregon,US,12/13/2021,44.572,-122.0709,400188,5381,,,41,9488.216074,8277839,,1.34461803,84000041,USA,196262.5692,
Oregon,US,12/14/2021,44.572,-122.0709,401564,5420,,,41,9520.840204,8277839,,1.349722585,84000041,USA,196262.5692,
Oregon,US,12/15/2021,44.572,-122.0709,402436,5469,,,41,9541.514798,8320361,,1.358973849,84000041,USA,197270.7402,
Oregon,US,12/16/2021,44.572,-122.0709,403329,5508,,,41,9562.687289,8339906,,1.365634507,84000041,USA,197734.1404,
Oregon,US,12/17/2021,44.572,-122.0709,404229,5527,,,41,9584.025747,8360232,,1.367294281,84000041,USA,198216.0576,
Oregon,US,12/18/2021,44.572,-122.0709,405292,5531,,,41,9609.228835,8383470,,1.364695084,84000041,USA,198767.0165,
Oregon,US,12/19/2021,44.572,-122.0709,405292,5531,,,41,9609.228835,8411675,,1.364695084,84000041,USA,199435.7401,
Oregon,US,12/20/2021,44.572,-122.0709,405292,5531,,,41,9609.228835,8411675,,1.364695084,84000041,USA,199435.7401,
Oregon,US,12/21/2021,44.572,-122.0709,407153,5534,,,41,9653.352023,8411675,,1.35919421,84000041,USA,199435.7401,
Oregon,US,12/22/2021,44.572,-122.0709,408069,5559,,,41,9675.06983,8470758,,1.362269616,84000041,USA,200836.5624,
Oregon,US,12/23/2021,44.572,-122.0709,409232,5590,,,41,9702.643859,8489283,,1.365973335,84000041,USA,201275.7789,
Oregon,US,12/24/2021,44.572,-122.0709,410565,5598,,,41,9734.248484,8513034,,1.363486902,84000041,USA,201838.9008,
Oregon,US,12/25/2021,44.572,-122.0709,410565,5598,,,41,9734.248484,8537500,,1.363486902,84000041,USA,202418.9749,
Oregon,US,12/26/2021,44.572,-122.0709,410565,5598,,,41,9734.248484,8537500,,1.363486902,84000041,USA,202418.9749,
Oregon,US,12/27/2021,44.572,-122.0709,410565,5598,,,41,9734.248484,8537500,,1.363486902,84000041,USA,202418.9749,
Oregon,US,12/28/2021,44.572,-122.0709,414140,5623,,,41,9819.009578,8537500,,1.357753417,84000041,USA,202418.9749,
Oregon,US,12/29/2021,44.572,-122.0709,416020,5631,,,41,9863.583244,8598243,,1.353540695,84000041,USA,203859.1548,
Oregon,US,12/30/2021,44.572,-122.0709,418333,5640,,,41,9918.423079,8614987,,1.348208246,84000041,USA,204256.1449,
Oregon,US,12/31/2021,44.572,-122.0709,421263,5655,,,41,9987.891611,8636672,,1.342391807,84000041,USA,204770.2832,
Oregon,US,1/1/2022,44.572,-122.0709,421263,5655,,,41,9987.891611,8660884,,1.342391807,84000041,USA,205344.3351,
Oregon,US,1/2/2022,44.572,-122.0709,421263,5655,,,41,9987.891611,8660884,,1.342391807,84000041,USA,205344.3351,
Oregon,US,1/3/2022,44.572,-122.0709,421263,5655,,,41,9987.891611,8660884,,1.342391807,84000041,USA,205344.3351,
Oregon,US,1/4/2022,44.572,-122.0709,430931,5666,,,41,10217.11406,8660884,,1.314827664,84000041,USA,205344.3351,
Oregon,US,1/5/2022,44.572,-122.0709,435453,5710,,,41,10324.32795,8741395,,1.31127814,84000041,USA,207253.2024,
Oregon,US,1/6/2022,44.572,-122.0709,441648,5719,,,41,10471.20766,8768264,,1.294922653,84000041,USA,207890.2502,
Oregon,US,1/7/2022,44.572,-122.0709,449267,5728,,,41,10651.84956,8802992,,1.274965666,84000041,USA,208713.6301,
Oregon,US,1/8/2022,44.572,-122.0709,459700,5761,,,41,10899.20969,8841872,,1.253208614,84000041,USA,209635.4514,
Oregon,US,1/9/2022,44.572,-122.0709,459700,5761,,,41,10899.20969,8894633,,1.253208614,84000041,USA,210886.3829,
Oregon,US,1/10/2022,44.572,-122.0709,459700,5761,,,41,10899.20969,8894633,,1.253208614,84000041,USA,210886.3829,
Oregon,US,1/11/2022,44.572,-122.0709,478203,5779,,,41,11337.90466,8894633,,1.20848259,84000041,USA,210886.3829,
Oregon,US,1/12/2022,44.572,-122.0709,486202,5814,,,41,11527.55613,9013170,,1.195799277,84000041,USA,213696.8237,
Oregon,US,1/13/2022,44.572,-122.0709,494945,5845,,,41,11734.84738,9053886,,1.180939296,84000041,USA,214662.1755,
Oregon,US,1/14/2022,44.572,-122.0709,504731,5870,,,41,11966.86754,9104211,,1.162995734,84000041,USA,215855.3509,
Oregon,US,1/15/2022,44.572,-122.0709,513391,5883,,,41,12172.19092,9155083,,1.145910232,84000041,USA,217061.4953,
Oregon,US,1/16/2022,44.572,-122.0709,513391,5883,,,41,12172.19092,9201956,,1.145910232,84000041,USA,218172.8259,
Oregon,US,1/17/2022,44.572,-122.0709,513391,5883,,,41,12172.19092,9201956,,1.145910232,84000041,USA,218172.8259,
Oregon,US,1/18/2022,44.572,-122.0709,513391,5883,,,41,12172.19092,9201956,,1.145910232,84000041,USA,218172.8259,
Oregon,US,1/19/2022,44.572,-122.0709,541415,5892,,,41,12836.62305,9201956,,1.088259468,84000041,USA,218172.8259,
Oregon,US,1/20/2022,44.572,-122.0709,549942,5908,,,41,13038.79308,9372663,,1.074295107,84000041,USA,222220.1858,
Oregon,US,1/21/2022,44.572,-122.0709,559960,5916,,,41,13276.31381,9415239,,1.056504036,84000041,USA,223229.6371,
Oregon,US,1/22/2022,44.572,-122.0709,570892,5936,,,41,13535.50494,9458434,,1.03977635,84000041,USA,224253.7645,
Oregon,US,1/23/2022,44.572,-122.0709,570892,5936,,,41,13535.50494,9507734,,1.03977635,84000041,USA,225422.6378,
Oregon,US,1/24/2022,44.572,-122.0709,570892,5936,,,41,13535.50494,9507734,,1.03977635,84000041,USA,225422.6378,
Oregon,US,1/25/2022,44.572,-122.0709,590270,5953,,,41,13994.94563,9507734,,1.008521524,84000041,USA,225422.6378,
Oregon,US,1/26/2022,44.572,-122.0709,597172,5994,,,41,14158.58789,9618824,,1.003730918,84000041,USA,228056.5147,
Oregon,US,1/27/2022,44.572,-122.0709,605363,6048,,,41,14352.79156,9650905,,0.999069979,84000041,USA,228817.1358,
Oregon,US,1/28/2022,44.572,-122.0709,613221,6067,,,41,14539.1,9691446,,0.989365987,84000041,USA,229778.3385,
Oregon,US,1/29/2022,44.572,-122.0709,620652,6086,,,41,14715.28452,9732673,,0.980581711,84000041,USA,230755.8058,
Oregon,US,1/30/2022,44.572,-122.0709,620652,6086,,,41,14715.28452,9775265,,0.980581711,84000041,USA,231765.6364,
Oregon,US,1/31/2022,44.572,-122.0709,620652,6086,,,41,14715.28452,9775265,,0.980581711,84000041,USA,231765.6364,
Oregon,US,2/1/2022,44.572,-122.0709,633876,6100,,,41,15028.81759,9775265,,0.962333327,84000041,USA,231765.6364,
Oregon,US,2/2/2022,44.572,-122.0709,638823,6124,,,41,15146.10797,9862847,,0.958637995,84000041,USA,233842.1528,
Oregon,US,2/3/2022,44.572,-122.0709,643973,6163,,,41,15268.21137,9891494,,0.957027701,84000041,USA,234521.3559,
Oregon,US,2/4/2022,44.572,-122.0709,649389,6181,,,41,15396.62146,9921721,,0.951817786,84000041,USA,235238.0198,
Oregon,US,2/5/2022,44.572,-122.0709,654343,6214,,,41,15514.07781,9956194,,0.949654845,84000041,USA,236055.3539,
Oregon,US,2/6/2022,44.572,-122.0709,654343,6214,,,41,15514.07781,9990746,,0.949654845,84000041,USA,236874.5609,
Oregon,US,2/7/2022,44.572,-122.0709,654343,6214,,,41,15514.07781,9990746,,0.949654845,84000041,USA,236874.5609,
Oregon,US,2/8/2022,44.572,-122.0709,662250,6244,,,41,15701.54801,9990746,,0.942846357,84000041,USA,236874.5609,
Oregon,US,2/9/2022,44.572,-122.0709,665486,6265,,,41,15778.27162,10054653,,0.94141725,84000041,USA,238389.7574,
Oregon,US,2/10/2022,44.572,-122.0709,668783,6322,,,41,15856.4415,10077210,,0.945299148,84000041,USA,238924.5702,
Oregon,US,2/11/2022,44.572,-122.0709,671923,6344,,,41,15930.88901,10102240,,0.944155804,84000041,USA,239518.0164,
Oregon,US,2/12/2022,44.572,-122.0709,674500,6355,,,41,15991.98812,10130298,,0.942179392,84000041,USA,240183.2547,
Oregon,US,2/13/2022,44.572,-122.0709,674500,6355,,,41,15991.98812,10157714,,0.942179392,84000041,USA,240833.2715,
Oregon,US,2/14/2022,44.572,-122.0709,674500,6355,,,41,15991.98812,10157714,,0.942179392,84000041,USA,240833.2715,
Oregon,US,2/15/2022,44.572,-122.0709,679241,6373,,,41,16104.39437,10157714,,0.938253138,84000041,USA,240833.2715,
Oregon,US,2/16/2022,44.572,-122.0709,680852,6393,,,41,16142.59021,10212270,,0.938970584,84000041,USA,242126.7613,
Oregon,US,2/17/2022,44.572,-122.0709,682566,6416,,,41,16183.22811,10229517,,0.939982361,84000041,USA,242535.6773,
Oregon,US,2/18/2022,44.572,-122.0709,684411,6444,,,41,16226.97195,10251944,,0.941539514,84000041,USA,243067.4079,
Oregon,US,2/19/2022,44.572,-122.0709,685953,6456,,,41,16263.53184,10273053,,0.941172354,84000041,USA,243567.8896,
Oregon,US,2/20/2022,44.572,-122.0709,685953,6456,,,41,16263.53184,10297412,,0.941172354,84000041,USA,244145.4268,
Oregon,US,2/21/2022,44.572,-122.0709,685953,6456,,,41,16263.53184,10297412,,0.941172354,84000041,USA,244145.4268,
Oregon,US,2/22/2022,44.572,-122.0709,685953,6456,,,41,16263.53184,10297412,,0.941172354,84000041,USA,244145.4268,
Oregon,US,2/23/2022,44.572,-122.0709,689325,6485,,,41,16343.47993,10297412,,0.940775396,84000041,USA,244145.4268,
Oregon,US,2/24/2022,44.572,-122.0709,690481,6519,,,41,16370.88799,10357244,,0.944124458,84000041,USA,245564.0074,
Oregon,US,2/25/2022,44.572,-122.0709,691337,6578,,,41,16391.18323,10373469,,0.95148965,84000041,USA,245948.6924,
Oregon,US,2/26/2022,44.572,-122.0709,692261,6582,,,41,16413.09072,10391757,,0.950797459,84000041,USA,246382.2898,
Oregon,US,2/27/2022,44.572,-122.0709,692261,6582,,,41,16413.09072,10413487,,0.950797459,84000041,USA,246897.495,
Oregon,US,2/28/2022,44.572,-122.0709,692261,6582,,,41,16413.09072,10413487,,0.950797459,84000041,USA,246897.495,
Oregon,US,3/1/2022,44.572,-122.0709,693929,6622,,,41,16452.63799,10413487,,0.954276302,84000041,USA,246897.495,
Oregon,US,3/2/2022,44.572,-122.0709,694649,6648,,,41,16469.70876,10457260,,0.957030097,84000041,USA,247935.3265,
Oregon,US,3/3/2022,44.572,-122.0709,695323,6652,,,41,16485.68889,10471846,,0.956677688,84000041,USA,248281.1517,
Oregon,US,3/4/2022,44.572,-122.0709,696003,6686,,,41,16501.81128,10491665,,0.960628043,84000041,USA,248751.0483,
Oregon,US,3/5/2022,44.572,-122.0709,696717,6709,,,41,16518.73979,10510273,,0.962944782,84000041,USA,249192.2327,
Oregon,US,3/6/2022,44.572,-122.0709,696717,6709,,,41,16518.73979,10532437,,0.962944782,84000041,USA,249717.7278,
Oregon,US,3/7/2022,44.572,-122.0709,696717,6709,,,41,16518.73979,10532437,,0.962944782,84000041,USA,249717.7278,
Oregon,US,3/8/2022,44.572,-122.0709,697775,6743,,,41,16543.82433,10532437,,0.96635735,84000041,USA,249717.7278,
Oregon,US,3/9/2022,44.572,-122.0709,698127,6772,,,41,16552.17004,10568957,,0.970024079,84000041,USA,250583.5949,
Oregon,US,3/10/2022,44.572,-122.0709,698564,6800,,,41,16562.53104,10580140,,0.973425484,84000041,USA,250848.7371,
Oregon,US,3/11/2022,44.572,-122.0709,698982,6854,,,41,16572.44157,10594054,,0.980568884,84000041,USA,251178.6297,
Oregon,US,3/12/2022,44.572,-122.0709,699362,6869,,,41,16581.45114,10614173,,0.982180902,84000041,USA,251655.639,
